-- --------------------------------------------------------
-- Host:                         127.0.0.1
-- Versión del servidor:         8.0.30 - MySQL Community Server - GPL
-- SO del servidor:              Win64
-- HeidiSQL Versión:             12.1.0.6537
-- --------------------------------------------------------

/*!40101 SET @OLD_CHARACTER_SET_CLIENT=@@CHARACTER_SET_CLIENT */;
/*!40101 SET NAMES utf8 */;
/*!50503 SET NAMES utf8mb4 */;
/*!40103 SET @OLD_TIME_ZONE=@@TIME_ZONE */;
/*!40103 SET TIME_ZONE='+00:00' */;
/*!40014 SET @OLD_FOREIGN_KEY_CHECKS=@@FOREIGN_KEY_CHECKS, FOREIGN_KEY_CHECKS=0 */;
/*!40101 SET @OLD_SQL_MODE=@@SQL_MODE, SQL_MODE='NO_AUTO_VALUE_ON_ZERO' */;
/*!40111 SET @OLD_SQL_NOTES=@@SQL_NOTES, SQL_NOTES=0 */;

-- Volcando datos para la tabla laravel.categoriagraduacion: ~20 rows (aproximadamente)
REPLACE INTO `categoriagraduacion` (`idCategoriaGraduacion`, `idCategoria`, `idGraduacion`, `created_at`, `updated_at`) VALUES
	(1, 1, 1, '2023-08-23 10:40:58', '2023-08-23 10:40:58'),
	(2, 1, 2, '2023-08-23 10:40:58', '2023-08-23 10:40:58'),
	(3, 1, 3, '2023-08-23 10:40:58', '2023-08-23 10:40:58'),
	(4, 1, 4, '2023-08-23 10:40:58', '2023-08-23 10:40:58'),
	(5, 1, 5, '2023-08-23 10:40:58', '2023-08-23 10:40:58'),
	(6, 1, 6, '2023-08-23 10:40:58', '2023-08-23 10:40:58'),
	(7, 1, 7, '2023-08-23 10:40:58', '2023-08-23 10:40:58'),
	(8, 1, 8, '2023-08-23 10:40:58', '2023-08-23 10:40:58'),
	(9, 1, 9, '2023-08-23 10:40:58', '2023-08-23 10:40:58'),
	(10, 1, 10, '2023-08-23 10:40:58', '2023-08-23 10:40:58'),
	(11, 1, 11, '2023-08-23 10:40:58', '2023-08-23 10:40:58'),
	(12, 1, 12, '2023-08-23 10:40:58', '2023-08-23 10:40:58'),
	(13, 2, 13, '2023-08-23 10:40:58', '2023-08-23 10:40:58'),
	(14, 2, 14, '2023-08-23 10:40:58', '2023-08-23 10:40:58'),
	(15, 2, 15, '2023-08-23 10:40:58', '2023-08-23 10:40:58'),
	(16, 2, 16, '2023-08-23 10:40:58', '2023-08-23 10:40:58'),
	(17, 3, 17, '2023-08-23 10:40:58', '2023-08-23 10:40:58'),
	(18, 3, 18, '2023-08-23 10:40:58', '2023-08-23 10:40:58'),
	(19, 4, 19, '2023-08-23 10:40:58', '2023-08-23 10:40:58'),
	(20, 4, 20, '2023-08-23 10:40:58', '2023-08-23 10:40:58');

-- Volcando datos para la tabla laravel.categoriapoomsae: ~118 rows (aproximadamente)
REPLACE INTO `categoriapoomsae` (`idCategoriaPoomsae`, `idCategoria`, `idPoomsae`, `created_at`, `updated_at`) VALUES
	(1, 1, 1, '2023-08-23 10:41:00', '2023-08-23 10:41:00'),
	(2, 1, 2, '2023-08-23 10:41:00', '2023-08-23 10:41:00'),
	(3, 2, 1, '2023-08-23 10:41:00', '2023-08-23 10:41:00'),
	(4, 2, 2, '2023-08-23 10:41:00', '2023-08-23 10:41:00'),
	(5, 3, 1, '2023-08-23 10:41:00', '2023-08-23 10:41:00'),
	(6, 3, 2, '2023-08-23 10:41:00', '2023-08-23 10:41:00'),
	(7, 3, 3, '2023-08-23 10:41:00', '2023-08-23 10:41:00'),
	(8, 4, 1, '2023-08-23 10:41:00', '2023-08-23 10:41:00'),
	(9, 4, 2, '2023-08-23 10:41:00', '2023-08-23 10:41:00'),
	(10, 4, 3, '2023-08-23 10:41:00', '2023-08-23 10:41:00'),
	(11, 5, 1, '2023-08-23 10:41:00', '2023-08-23 10:41:00'),
	(12, 5, 2, '2023-08-23 10:41:00', '2023-08-23 10:41:00'),
	(13, 5, 3, '2023-08-23 10:41:00', '2023-08-23 10:41:00'),
	(14, 5, 4, '2023-08-23 10:41:00', '2023-08-23 10:41:00'),
	(15, 6, 1, '2023-08-23 10:41:00', '2023-08-23 10:41:00'),
	(16, 6, 2, '2023-08-23 10:41:01', '2023-08-23 10:41:01'),
	(17, 6, 3, '2023-08-23 10:41:01', '2023-08-23 10:41:01'),
	(18, 6, 4, '2023-08-23 10:41:01', '2023-08-23 10:41:01'),
	(19, 7, 1, '2023-08-23 10:41:01', '2023-08-23 10:41:01'),
	(20, 7, 2, '2023-08-23 10:41:01', '2023-08-23 10:41:01'),
	(21, 7, 3, '2023-08-23 10:41:01', '2023-08-23 10:41:01'),
	(22, 7, 4, '2023-08-23 10:41:01', '2023-08-23 10:41:01'),
	(23, 7, 5, '2023-08-23 10:41:01', '2023-08-23 10:41:01'),
	(24, 8, 1, '2023-08-23 10:41:01', '2023-08-23 10:41:01'),
	(25, 8, 2, '2023-08-23 10:41:01', '2023-08-23 10:41:01'),
	(26, 8, 3, '2023-08-23 10:41:01', '2023-08-23 10:41:01'),
	(27, 8, 4, '2023-08-23 10:41:01', '2023-08-23 10:41:01'),
	(28, 8, 5, '2023-08-23 10:41:01', '2023-08-23 10:41:01'),
	(29, 9, 1, '2023-08-23 10:41:01', '2023-08-23 10:41:01'),
	(30, 9, 2, '2023-08-23 10:41:01', '2023-08-23 10:41:01'),
	(31, 9, 3, '2023-08-23 10:41:01', '2023-08-23 10:41:01'),
	(32, 9, 4, '2023-08-23 10:41:01', '2023-08-23 10:41:01'),
	(33, 9, 5, '2023-08-23 10:41:01', '2023-08-23 10:41:01'),
	(34, 9, 6, '2023-08-23 10:41:01', '2023-08-23 10:41:01'),
	(35, 10, 1, '2023-08-23 10:41:01', '2023-08-23 10:41:01'),
	(36, 10, 2, '2023-08-23 10:41:01', '2023-08-23 10:41:01'),
	(37, 10, 3, '2023-08-23 10:41:01', '2023-08-23 10:41:01'),
	(38, 10, 4, '2023-08-23 10:41:01', '2023-08-23 10:41:01'),
	(39, 10, 5, '2023-08-23 10:41:01', '2023-08-23 10:41:01'),
	(40, 10, 6, '2023-08-23 10:41:01', '2023-08-23 10:41:01'),
	(41, 11, 1, '2023-08-23 10:41:01', '2023-08-23 10:41:01'),
	(42, 11, 2, '2023-08-23 10:41:01', '2023-08-23 10:41:01'),
	(43, 11, 3, '2023-08-23 10:41:01', '2023-08-23 10:41:01'),
	(44, 11, 4, '2023-08-23 10:41:01', '2023-08-23 10:41:01'),
	(45, 11, 5, '2023-08-23 10:41:01', '2023-08-23 10:41:01'),
	(46, 11, 6, '2023-08-23 10:41:01', '2023-08-23 10:41:01'),
	(47, 11, 7, '2023-08-23 10:41:01', '2023-08-23 10:41:01'),
	(48, 12, 1, '2023-08-23 10:41:01', '2023-08-23 10:41:01'),
	(49, 12, 2, '2023-08-23 10:41:01', '2023-08-23 10:41:01'),
	(50, 12, 3, '2023-08-23 10:41:01', '2023-08-23 10:41:01'),
	(51, 12, 4, '2023-08-23 10:41:01', '2023-08-23 10:41:01'),
	(52, 12, 5, '2023-08-23 10:41:01', '2023-08-23 10:41:01'),
	(53, 12, 6, '2023-08-23 10:41:01', '2023-08-23 10:41:01'),
	(54, 12, 7, '2023-08-23 10:41:01', '2023-08-23 10:41:01'),
	(55, 13, 1, '2023-08-23 10:41:01', '2023-08-23 10:41:01'),
	(56, 13, 2, '2023-08-23 10:41:01', '2023-08-23 10:41:01'),
	(57, 13, 3, '2023-08-23 10:41:01', '2023-08-23 10:41:01'),
	(58, 13, 4, '2023-08-23 10:41:01', '2023-08-23 10:41:01'),
	(59, 13, 5, '2023-08-23 10:41:01', '2023-08-23 10:41:01'),
	(60, 13, 6, '2023-08-23 10:41:01', '2023-08-23 10:41:01'),
	(61, 13, 7, '2023-08-23 10:41:01', '2023-08-23 10:41:01'),
	(62, 13, 8, '2023-08-23 10:41:01', '2023-08-23 10:41:01'),
	(63, 14, 1, '2023-08-23 10:41:01', '2023-08-23 10:41:01'),
	(64, 14, 2, '2023-08-23 10:41:01', '2023-08-23 10:41:01'),
	(65, 14, 3, '2023-08-23 10:41:01', '2023-08-23 10:41:01'),
	(66, 14, 4, '2023-08-23 10:41:02', '2023-08-23 10:41:02'),
	(67, 14, 5, '2023-08-23 10:41:02', '2023-08-23 10:41:02'),
	(68, 14, 6, '2023-08-23 10:41:02', '2023-08-23 10:41:02'),
	(69, 14, 7, '2023-08-23 10:41:02', '2023-08-23 10:41:02'),
	(70, 14, 8, '2023-08-23 10:41:02', '2023-08-23 10:41:02'),
	(71, 15, 1, '2023-08-23 10:41:02', '2023-08-23 10:41:02'),
	(72, 15, 2, '2023-08-23 10:41:02', '2023-08-23 10:41:02'),
	(73, 15, 3, '2023-08-23 10:41:02', '2023-08-23 10:41:02'),
	(74, 15, 4, '2023-08-23 10:41:02', '2023-08-23 10:41:02'),
	(75, 15, 5, '2023-08-23 10:41:02', '2023-08-23 10:41:02'),
	(76, 15, 6, '2023-08-23 10:41:02', '2023-08-23 10:41:02'),
	(77, 15, 7, '2023-08-23 10:41:02', '2023-08-23 10:41:02'),
	(78, 15, 8, '2023-08-23 10:41:02', '2023-08-23 10:41:02'),
	(79, 16, 1, '2023-08-23 10:41:02', '2023-08-23 10:41:02'),
	(80, 16, 2, '2023-08-23 10:41:02', '2023-08-23 10:41:02'),
	(81, 16, 3, '2023-08-23 10:41:02', '2023-08-23 10:41:02'),
	(82, 16, 4, '2023-08-23 10:41:02', '2023-08-23 10:41:02'),
	(83, 16, 5, '2023-08-23 10:41:02', '2023-08-23 10:41:02'),
	(84, 16, 6, '2023-08-23 10:41:02', '2023-08-23 10:41:02'),
	(85, 16, 7, '2023-08-23 10:41:02', '2023-08-23 10:41:02'),
	(86, 16, 8, '2023-08-23 10:41:02', '2023-08-23 10:41:02'),
	(87, 17, 1, '2023-08-23 10:41:02', '2023-08-23 10:41:02'),
	(88, 17, 2, '2023-08-23 10:41:02', '2023-08-23 10:41:02'),
	(89, 17, 3, '2023-08-23 10:41:02', '2023-08-23 10:41:02'),
	(90, 17, 4, '2023-08-23 10:41:02', '2023-08-23 10:41:02'),
	(91, 17, 5, '2023-08-23 10:41:02', '2023-08-23 10:41:02'),
	(92, 17, 6, '2023-08-23 10:41:02', '2023-08-23 10:41:02'),
	(93, 17, 7, '2023-08-23 10:41:02', '2023-08-23 10:41:02'),
	(94, 17, 8, '2023-08-23 10:41:02', '2023-08-23 10:41:02'),
	(95, 18, 1, '2023-08-23 10:41:02', '2023-08-23 10:41:02'),
	(96, 18, 2, '2023-08-23 10:41:02', '2023-08-23 10:41:02'),
	(97, 18, 3, '2023-08-23 10:41:02', '2023-08-23 10:41:02'),
	(98, 18, 4, '2023-08-23 10:41:02', '2023-08-23 10:41:02'),
	(99, 18, 5, '2023-08-23 10:41:02', '2023-08-23 10:41:02'),
	(100, 18, 6, '2023-08-23 10:41:02', '2023-08-23 10:41:02'),
	(101, 18, 7, '2023-08-23 10:41:02', '2023-08-23 10:41:02'),
	(102, 18, 8, '2023-08-23 10:41:02', '2023-08-23 10:41:02'),
	(103, 19, 1, '2023-08-23 10:41:02', '2023-08-23 10:41:02'),
	(104, 19, 2, '2023-08-23 10:41:02', '2023-08-23 10:41:02'),
	(105, 19, 3, '2023-08-23 10:41:02', '2023-08-23 10:41:02'),
	(106, 19, 4, '2023-08-23 10:41:02', '2023-08-23 10:41:02'),
	(107, 19, 5, '2023-08-23 10:41:02', '2023-08-23 10:41:02'),
	(108, 19, 6, '2023-08-23 10:41:02', '2023-08-23 10:41:02'),
	(109, 19, 7, '2023-08-23 10:41:02', '2023-08-23 10:41:02'),
	(110, 19, 8, '2023-08-23 10:41:02', '2023-08-23 10:41:02'),
	(111, 20, 1, '2023-08-23 10:41:03', '2023-08-23 10:41:03'),
	(112, 20, 2, '2023-08-23 10:41:03', '2023-08-23 10:41:03'),
	(113, 20, 3, '2023-08-23 10:41:03', '2023-08-23 10:41:03'),
	(114, 20, 4, '2023-08-23 10:41:03', '2023-08-23 10:41:03'),
	(115, 20, 5, '2023-08-23 10:41:03', '2023-08-23 10:41:03'),
	(116, 20, 6, '2023-08-23 10:41:03', '2023-08-23 10:41:03'),
	(117, 20, 7, '2023-08-23 10:41:03', '2023-08-23 10:41:03'),
	(118, 20, 8, '2023-08-23 10:41:03', '2023-08-23 10:41:03');

-- Volcando datos para la tabla laravel.categorias: ~20 rows (aproximadamente)
REPLACE INTO `categorias` (`idCategoria`, `nombre`, `edadMax`, `edadMin`, `genero`, `esElite`, `created_at`, `updated_at`) VALUES
	(1, 'Infantiles A', 8, 6, 1, 0, '2023-08-23 10:40:57', '2023-08-23 10:40:57'),
	(2, 'Infantiles A', 8, 6, 2, 0, '2023-08-23 10:40:57', '2023-08-23 10:40:57'),
	(3, 'Infantiles B', 11, 9, 1, 0, '2023-08-23 10:40:57', '2023-08-23 10:40:57'),
	(4, 'Infantiles B', 11, 9, 2, 0, '2023-08-23 10:40:57', '2023-08-23 10:40:57'),
	(5, 'Cadete', 14, 12, 1, 0, '2023-08-23 10:40:57', '2023-08-23 10:40:57'),
	(6, 'Cadete', 14, 12, 2, 0, '2023-08-23 10:40:57', '2023-08-23 10:40:57'),
	(7, 'Juveniles', 17, 15, 1, 0, '2023-08-23 10:40:57', '2023-08-23 10:40:57'),
	(8, 'Juveniles', 17, 15, 2, 0, '2023-08-23 10:40:57', '2023-08-23 10:40:57'),
	(9, 'Adultos 1', 30, 18, 1, 0, '2023-08-23 10:40:57', '2023-08-23 10:40:57'),
	(10, 'Adultos 1', 30, 18, 2, 0, '2023-08-23 10:40:57', '2023-08-23 10:40:57'),
	(11, 'Adultos 2', 39, 30, 1, 0, '2023-08-23 10:40:57', '2023-08-23 10:40:57'),
	(12, 'Adultos 2', 39, 30, 2, 0, '2023-08-23 10:40:57', '2023-08-23 10:40:57'),
	(13, 'Senior 1', 49, 40, 1, 0, '2023-08-23 10:40:57', '2023-08-23 10:40:57'),
	(14, 'Senior 1', 49, 40, 2, 0, '2023-08-23 10:40:57', '2023-08-23 10:40:57'),
	(15, 'Senior 2', 59, 50, 1, 0, '2023-08-23 10:40:57', '2023-08-23 10:40:57'),
	(16, 'Senior 2', 59, 50, 2, 0, '2023-08-23 10:40:58', '2023-08-23 10:40:58'),
	(17, 'Master1', 69, 60, 1, 0, '2023-08-23 10:40:58', '2023-08-23 10:40:58'),
	(18, 'Master1', 69, 60, 2, 0, '2023-08-23 10:40:58', '2023-08-23 10:40:58'),
	(19, 'Master 2', 99, 70, 1, 0, '2023-08-23 10:40:58', '2023-08-23 10:40:58'),
	(20, 'Master 2', 99, 70, 2, 0, '2023-08-23 10:40:58', '2023-08-23 10:40:58');

-- Volcando datos para la tabla laravel.competenciacompetidor: ~19 rows (aproximadamente)
REPLACE INTO `competenciacompetidor` (`idCompetenciaCompetidor`, `idCompetidor`, `idCompetencia`, `idCategoria`, `puntaje`, `contadorPasadas`, `estado`, `created_at`, `updated_at`) VALUES
	(2, 1, 1, 1, 8.00, 2, 1, '2023-08-23 10:40:59', '2023-08-23 13:39:48'),
	(3, 2, 1, 1, 5.60, 2, 1, '2023-08-23 10:40:59', '2023-08-23 13:58:19'),
	(4, 3, 1, 1, 4.10, 2, 1, '2023-08-23 10:40:59', '2023-08-23 14:01:52'),
	(5, 4, 1, 1, 6.40, 2, 1, '2023-08-23 10:40:59', '2023-08-23 14:04:55'),
	(6, 5, 1, 1, 7.50, 2, 1, '2023-08-23 10:40:59', '2023-08-23 14:38:51'),
	(7, 6, 1, 1, 9.10, 2, 1, '2023-08-23 10:40:59', '2023-08-23 15:04:26'),
	(8, 7, 2, 1, 8.50, 2, 1, '2023-08-23 10:40:59', '2023-08-23 16:13:49'),
	(9, 8, 2, 1, 7.80, 2, 1, '2023-08-23 10:40:59', '2023-08-23 16:33:05'),
	(10, 9, 2, 1, 2.00, 2, 1, '2023-08-23 10:40:59', '2023-08-23 10:40:59'),
	(11, 10, 2, 1, 7.70, 2, 1, '2023-08-23 10:40:59', '2023-08-23 16:29:31'),
	(12, 11, 2, 1, 7.40, 2, 1, '2023-08-23 10:40:59', '2023-08-23 17:18:48'),
	(13, 17, 2, 2, 6.00, 2, 1, '2023-08-23 10:40:59', '2023-08-23 17:21:41'),
	(14, 18, 2, 2, 6.30, 2, 1, '2023-08-23 10:40:59', '2023-08-23 17:05:40'),
	(15, 19, 2, 2, 5.90, 2, 1, '2023-08-23 10:40:59', '2023-08-23 17:01:19'),
	(16, 20, 2, 2, 7.40, 2, 1, '2023-08-23 10:40:59', '2023-08-23 16:58:21'),
	(17, 21, 2, 2, 5.70, 2, 1, '2023-08-23 10:40:59', '2023-08-23 16:35:45'),
	(18, 22, 4, 1, 0.00, 0, 0, '2023-08-23 17:47:43', '2023-08-23 17:48:43'),
	(19, 23, 4, 1, 0.00, 0, 0, '2023-08-23 17:47:48', '2023-08-23 17:48:43'),
	(20, 24, 4, 1, 0.00, 0, 0, '2023-08-23 17:47:51', '2023-08-23 17:48:49');

-- Volcando datos para la tabla laravel.competenciacompetidorpoomsae: ~32 rows (aproximadamente)
REPLACE INTO `competenciacompetidorpoomsae` (`idCompetenciaCompetidorPoomsae`, `idCompetenciaCompetidor`, `idPoomsae`, `pasadas`, `created_at`, `updated_at`) VALUES
	(1, 2, 1, 1, '2023-08-23 10:53:54', '2023-08-23 10:53:54'),
	(2, 2, 2, 2, '2023-08-23 10:53:54', '2023-08-23 10:53:54'),
	(3, 3, 1, 1, '2023-08-23 10:53:55', '2023-08-23 10:53:55'),
	(4, 3, 1, 2, '2023-08-23 10:53:55', '2023-08-23 10:53:55'),
	(5, 4, 1, 1, '2023-08-23 10:53:55', '2023-08-23 10:53:55'),
	(6, 4, 1, 2, '2023-08-23 10:53:55', '2023-08-23 10:53:55'),
	(7, 5, 1, 1, '2023-08-23 10:53:55', '2023-08-23 10:53:55'),
	(8, 5, 2, 2, '2023-08-23 10:53:55', '2023-08-23 10:53:55'),
	(9, 6, 2, 1, '2023-08-23 10:53:55', '2023-08-23 10:53:55'),
	(10, 6, 2, 2, '2023-08-23 10:53:55', '2023-08-23 10:53:55'),
	(11, 7, 2, 1, '2023-08-23 10:53:55', '2023-08-23 10:53:55'),
	(12, 7, 1, 2, '2023-08-23 10:53:55', '2023-08-23 10:53:55'),
	(13, 8, 2, 1, '2023-08-23 16:08:58', '2023-08-23 16:08:58'),
	(14, 8, 2, 2, '2023-08-23 16:08:58', '2023-08-23 16:08:58'),
	(15, 9, 1, 1, '2023-08-23 16:08:58', '2023-08-23 16:08:58'),
	(16, 9, 1, 2, '2023-08-23 16:08:58', '2023-08-23 16:08:58'),
	(17, 10, 1, 1, '2023-08-23 16:08:58', '2023-08-23 16:08:58'),
	(18, 10, 2, 2, '2023-08-23 16:08:58', '2023-08-23 16:08:58'),
	(19, 11, 1, 1, '2023-08-23 16:08:58', '2023-08-23 16:08:58'),
	(20, 11, 1, 2, '2023-08-23 16:08:58', '2023-08-23 16:08:58'),
	(21, 12, 1, 1, '2023-08-23 16:08:58', '2023-08-23 16:08:58'),
	(22, 12, 2, 2, '2023-08-23 16:08:58', '2023-08-23 16:08:58'),
	(23, 13, 1, 1, '2023-08-23 16:08:58', '2023-08-23 16:08:58'),
	(24, 13, 1, 2, '2023-08-23 16:08:58', '2023-08-23 16:08:58'),
	(25, 14, 2, 1, '2023-08-23 16:08:58', '2023-08-23 16:08:58'),
	(26, 14, 1, 2, '2023-08-23 16:08:58', '2023-08-23 16:08:58'),
	(27, 15, 2, 1, '2023-08-23 16:08:58', '2023-08-23 16:08:58'),
	(28, 15, 2, 2, '2023-08-23 16:08:59', '2023-08-23 16:08:59'),
	(29, 16, 2, 1, '2023-08-23 16:08:59', '2023-08-23 16:08:59'),
	(30, 16, 2, 2, '2023-08-23 16:08:59', '2023-08-23 16:08:59'),
	(31, 17, 2, 1, '2023-08-23 16:08:59', '2023-08-23 16:08:59'),
	(32, 17, 2, 2, '2023-08-23 16:08:59', '2023-08-23 16:08:59');

-- Volcando datos para la tabla laravel.competenciajueces: ~8 rows (aproximadamente)
REPLACE INTO `competenciajueces` (`idCompetenciaJuez`, `idCompetencia`, `estado`, `idJuez`, `created_at`, `updated_at`) VALUES
	(1, 1, 1, 7, '2023-08-23 10:40:58', '2023-08-23 10:40:58'),
	(2, 1, 1, 5, '2023-08-23 10:40:58', '2023-08-23 10:40:58'),
	(3, 1, 1, 6, '2023-08-23 10:40:58', '2023-08-23 10:40:58'),
	(5, 2, 1, 5, '2023-08-23 10:40:58', '2023-08-23 10:40:58'),
	(6, 2, 1, 10, '2023-08-23 10:40:58', '2023-08-23 10:40:58'),
	(7, 2, 1, 3, '2023-08-23 10:40:58', '2023-08-23 10:40:58'),
	(8, 2, 1, 6, '2023-08-23 10:40:59', '2023-08-23 10:40:59'),
	(9, 2, 1, 7, '2023-08-23 16:02:04', '2023-08-23 16:03:31'),
	(10, 4, 1, 7, '2023-08-23 17:33:32', '2023-08-23 17:34:35'),
	(11, 4, 1, 5, '2023-08-23 17:33:48', '2023-08-23 17:34:30'),
	(12, 4, 1, 6, '2023-08-23 17:33:52', '2023-08-23 17:34:25');

-- Volcando datos para la tabla laravel.competencias: ~5 rows (aproximadamente)
REPLACE INTO `competencias` (`idCompetencia`, `nombre`, `fecha`, `fechaCierra`, `flyer`, `bases`, `invitacion`, `cantidadJueces`, `estadoJueces`, `estadoCompetencia`, `estadoInscripcion`, `created_at`, `updated_at`) VALUES
	(1, 'Competencia Regional', '2023-08-25', '2023-08-23', 'img/CompetenciaRegionalFlyer.png', 'pdf/CompetenciaRegionalBases.pdf', 'pdf/CompetenciaRegionalInvitacion.pdf', 3, 1, 1, 1, '2023-08-23 10:40:57', '2023-08-23 15:01:25'),
	(2, 'Competencia Juvenil', '2023-08-10', '2023-08-02', 'img/CompetenciaJuvenilFlyer.png', 'pdf/CompetenciaJuvenilBases.pdf', 'pdf/CompetenciaJuvenilInvitacion.pdf', 5, 1, 1, 1, '2023-08-23 10:40:57', '2023-08-23 17:21:41'),
	(3, 'Competencia Estelar', '2023-08-11', '2023-08-03', 'img/CompetenciaEstelarFlyer.png', 'pdf/CompetenciaEstelarBases.pdf', 'pdf/CompetenciaEstelarInvitacion.pdf', 7, 0, 0, 0, '2023-08-23 10:40:57', '2023-08-23 10:40:57'),
	(4, 'Competencia Provincial', '2023-09-15', '2023-09-08', 'img/CompetenciaJuvenilFlyer.png', 'pdf/CompetenciaJuvenilBases.pdf', 'pdf/CompetenciaJuvenilInvitacion.pdf', 3, 1, 0, 0, '2023-08-23 10:40:57', '2023-08-23 17:34:35'),
	(5, 'Competencia Local', '2023-11-10', '2023-11-03', 'img/CompetenciaEstelarFlyer.png', 'pdf/CompetenciaEstelarBases.pdf', 'pdf/CompetenciaEstelarInvitacion.pdf', 3, 0, 0, 0, '2023-08-23 10:40:57', '2023-08-23 10:40:57');

-- Volcando datos para la tabla laravel.competidores: ~21 rows (aproximadamente)
REPLACE INTO `competidores` (`idCompetidor`, `gal`, `apellido`, `nombre`, `du`, `fechaNacimiento`, `ranking`, `idGraduacion`, `email`, `genero`, `idEstado`, `idPais`, `idUser`, `estado`, `created_at`, `updated_at`) VALUES
	(1, 'TKD5161786', 'Competidor', 'Competidor', 18884741, '2004-04-22', 3.00, 3, 'competidor@gmail.com', 1, 1826, 5, 1, 1, '2023-08-23 10:40:55', '2023-08-23 15:01:25'),
	(2, 'TKD1903284', 'Kutch', 'Brisa', 15768964, '1984-01-04', 0.00, 3, 'alejandra.ondricka@example.org', 0, 1826, 5, 10, 1, '2023-08-23 10:40:55', '2023-08-23 10:40:55'),
	(3, 'TKD5417154', 'Eichmann', 'Jayda', 28312865, '2015-05-31', 0.00, 7, 'trystan27@example.org', 0, 1826, 5, 11, 1, '2023-08-23 10:40:55', '2023-08-23 10:40:55'),
	(4, 'TKD3822264', 'Abernathy', 'Terrance', 36577874, '2006-06-25', 1.00, 7, 'aharris@example.com', 1, 1826, 5, 12, 1, '2023-08-23 10:40:55', '2023-08-23 15:01:25'),
	(5, 'TKD6199201', 'Ratke', 'Amber', 26544750, '2001-11-23', 2.00, 10, 'schowalter.madisyn@example.org', 1, 1826, 5, 13, 1, '2023-08-23 10:40:55', '2023-08-23 15:01:25'),
	(6, 'TKD7772291', 'Murphy', 'Kimberly', 22502990, '2015-12-24', 0.00, 4, 'darrin.ullrich@example.com', 1, 1826, 5, 14, 1, '2023-08-23 10:40:55', '2023-08-23 10:40:55'),
	(7, 'TKD4419065', 'Fay', 'Kelley', 39102868, '2012-02-24', 3.00, 2, 'turner.hudson@example.org', 0, 1826, 5, 15, 1, '2023-08-23 10:40:55', '2023-08-23 17:21:40'),
	(8, 'TKD9743005', 'Olson', 'Tiffany', 10417859, '2003-11-27', 2.00, 5, 'lincoln.hill@example.net', 1, 1826, 5, 16, 1, '2023-08-23 10:40:55', '2023-08-23 17:21:40'),
	(9, 'TKD7991591', 'Mertz', 'Nedra', 31655376, '1991-06-08', 0.00, 3, 'vhane@example.net', 1, 1826, 5, 17, 1, '2023-08-23 10:40:55', '2023-08-23 10:40:55'),
	(10, 'TKD1447221', 'Cummerata', 'Nathan', 35828346, '1995-09-07', 1.00, 1, 'fay.christiansen@example.org', 1, 1826, 5, 18, 1, '2023-08-23 10:40:55', '2023-08-23 17:21:40'),
	(11, 'TKD8853195', 'Kuphal', 'Sonia', 28381504, '1994-01-10', 0.00, 9, 'josh05@example.net', 0, 1826, 5, 19, 1, '2023-08-23 10:40:56', '2023-08-23 10:40:56'),
	(12, 'TKD3182204', 'Haley', 'Whitney', 17209311, '2010-01-26', 0.00, 5, 'koelpin.marta@example.com', 0, 1826, 5, 20, 1, '2023-08-23 10:40:56', '2023-08-23 10:40:56'),
	(13, 'TKD9662398', 'Yundt', 'Natalie', 24784496, '2003-07-22', 0.00, 3, 'lindgren.urban@example.com', 1, 1826, 5, 21, 1, '2023-08-23 10:40:56', '2023-08-23 10:40:56'),
	(14, 'TKD2452794', 'Farrell', 'Irwin', 40468970, '2016-05-30', 0.00, 6, 'purdy.andreanne@example.net', 1, 1826, 5, 22, 1, '2023-08-23 10:40:56', '2023-08-23 10:40:56'),
	(15, 'TKD2834216', 'Herman', 'Jodie', 27422595, '1990-05-04', 0.00, 7, 'gtowne@example.org', 0, 1826, 5, 23, 1, '2023-08-23 10:40:56', '2023-08-23 10:40:56'),
	(16, 'TKD4655447', 'Walker', 'Odell', 39529921, '1984-05-30', 0.00, 4, 'paucek.amari@example.com', 0, 1826, 5, 24, 1, '2023-08-23 10:40:56', '2023-08-23 10:40:56'),
	(17, 'TKD6334953', 'Bruen', 'Makayla', 21335611, '1993-07-29', 1.00, 8, 'uwalter@example.net', 0, 1826, 5, 25, 1, '2023-08-23 10:40:56', '2023-08-23 17:21:40'),
	(18, 'TKD9536117', 'Mertz', 'Kirstin', 41627354, '2009-06-16', 2.00, 7, 'jaycee33@example.net', 1, 1826, 5, 26, 1, '2023-08-23 10:40:56', '2023-08-23 17:21:40'),
	(19, 'TKD3542462', 'Lesch', 'Urban', 13385127, '1985-10-07', 0.00, 4, 'ziemann.gavin@example.com', 0, 1826, 5, 27, 1, '2023-08-23 10:40:56', '2023-08-23 10:40:56'),
	(20, 'TKD7774356', 'Daugherty', 'Rowena', 24106074, '1998-12-03', 3.00, 5, 'ehermiston@example.net', 0, 1826, 5, 28, 1, '2023-08-23 10:40:56', '2023-08-23 17:21:40'),
	(21, 'TKD9763194', 'Kuhlman', 'Josephine', 27737585, '1998-04-21', 0.00, 9, 'smitham.donald@example.org', 0, 1826, 5, 29, 1, '2023-08-23 10:40:57', '2023-08-23 10:40:57'),
	(22, NULL, 'papa', 'pedro', 24534543, '2010-01-01', 0.00, 7, 'pedro@gmail.com', 1, 1830, 5, 30, 0, '2023-08-23 17:47:43', '2023-08-23 17:47:43'),
	(23, NULL, 'pepe', 'pedro', 23425235, '2010-01-01', 0.00, 7, 'pedropepe@gmail.com', 1, 1830, 5, 32, 0, '2023-08-23 17:47:48', '2023-08-23 17:47:48'),
	(24, NULL, 'morsa', 'pedro', 23432564, '2010-01-01', 0.00, 7, 'pedromorsa@gmail.com', 1, 1830, 5, 31, 0, '2023-08-23 17:47:51', '2023-08-23 17:47:51');

-- Volcando datos para la tabla laravel.escuelas: ~15 rows (aproximadamente)
REPLACE INTO `escuelas` (`idEscuela`, `nombre`, `nombreApellidoInstructor`, `email`, `telefono`, `created_at`, `updated_at`) VALUES
	(1, 'Asociación Civil Bom Do Kwan Taekwondo Tigres Neuquinos', 'Polly Silva', 'instructor@gmail.com', 2995241221, '2023-08-23 10:39:16', '2023-08-23 10:39:16'),
	(2, 'Asociación Civil Patagónica de Deportes de combate', 'Henrietta Todd', 'instructor@gmail.com', 2995241221, '2023-08-23 10:39:16', '2023-08-23 10:39:16'),
	(3, 'Asociación Civil Taekwondo Neuquén', 'Adeline Daniels', 'instructor@gmail.com', 2995241221, '2023-08-23 10:39:16', '2023-08-23 10:39:16'),
	(4, 'Asociación Club Amigos del Tang Soo Do y el Taekwondo \'A.C.A.T.T\'', 'Sue Floyd', 'instructor@gmail.com', 2995241221, '2023-08-23 10:39:16', '2023-08-23 10:39:16'),
	(5, 'Asociación de Taekwondo Marcial y Deportiva Sayhueque', 'Andrew Hawkins', 'instructor@gmail.com', 2995241221, '2023-08-23 10:39:16', '2023-08-23 10:39:16'),
	(6, 'Asociación Deportiva Centenario', 'Sally Benson', 'instructor@gmail.com', 2995241221, '2023-08-23 10:39:16', '2023-08-23 10:39:16'),
	(7, 'Asociación Taekwondo El Temple', 'Gene Joseph', 'instructor@gmail.com', 2995241221, '2023-08-23 10:39:16', '2023-08-23 10:39:16'),
	(8, 'Asociación Patagónica de Taekwondo Chong Do He', 'Sallie Schmidt', 'instructor@gmail.com', 2995241221, '2023-08-23 10:39:16', '2023-08-23 10:39:16'),
	(9, 'Asociación Simple de Taekwondo Chungdokwan', 'Loretta Frank', 'instructor@gmail.com', 2995241221, '2023-08-23 10:39:16', '2023-08-23 10:39:16'),
	(10, 'Club Social y Deportivo Unión Zapala', 'Brent Perez', 'instructor@gmail.com', 2995241221, '2023-08-23 10:39:16', '2023-08-23 10:39:16'),
	(11, 'Club Social y Deportivo Vista Alegre Norte', 'Clifford Schwartz', 'instructor@gmail.com', 2995241221, '2023-08-23 10:39:16', '2023-08-23 10:39:16'),
	(12, 'Escuela de Taekwondo del Sur Asociación Civil', 'Evan Summers', 'instructor@gmail.com', 2995241221, '2023-08-23 10:39:16', '2023-08-23 10:39:16'),
	(13, 'Club Tiro Federal de Zapala', 'Eunice Chandler', 'instructor@gmail.com', 2995241221, '2023-08-23 10:39:16', '2023-08-23 10:39:16'),
	(14, 'Asociación Taekwondo Comahue', 'Marcus Ruiz', 'instructor@gmail.com', 2995241221, '2023-08-23 10:39:16', '2023-08-23 10:39:16'),
	(15, 'Club San Francisco San Martín', 'Ollie Townsend', 'instructor@gmail.com', 2995241221, '2023-08-23 10:39:16', '2023-08-23 10:39:16');

-- Volcando datos para la tabla laravel.estados: ~1.999 rows (aproximadamente)
REPLACE INTO `estados` (`idEstado`, `idPais`, `nombreEstado`, `created_at`, `updated_at`) VALUES
	(1, 3, 'Azerbaijan', '2023-08-23 10:39:26', '2023-08-23 10:39:26'),
	(2, 3, 'Nargorni Karabakh', '2023-08-23 10:39:26', '2023-08-23 10:39:26'),
	(3, 3, 'Nakhichevanskaya Region', '2023-08-23 10:39:26', '2023-08-23 10:39:26'),
	(4, 4, 'Anguilla', '2023-08-23 10:39:26', '2023-08-23 10:39:26'),
	(5, 7, 'Brestskaya obl.', '2023-08-23 10:39:26', '2023-08-23 10:39:26'),
	(6, 7, 'Vitebskaya obl.', '2023-08-23 10:39:26', '2023-08-23 10:39:26'),
	(7, 7, 'Gomelskaya obl.', '2023-08-23 10:39:26', '2023-08-23 10:39:26'),
	(8, 7, 'Grodnenskaya obl.', '2023-08-23 10:39:26', '2023-08-23 10:39:26'),
	(9, 7, 'Minskaya obl.', '2023-08-23 10:39:26', '2023-08-23 10:39:26'),
	(10, 7, 'Mogilevskaya obl.', '2023-08-23 10:39:26', '2023-08-23 10:39:26'),
	(11, 8, 'Belize', '2023-08-23 10:39:26', '2023-08-23 10:39:26'),
	(12, 10, 'Hamilton', '2023-08-23 10:39:26', '2023-08-23 10:39:26'),
	(13, 15, 'Dong Bang Song Cuu Long', '2023-08-23 10:39:26', '2023-08-23 10:39:26'),
	(14, 15, 'Dong Bang Song Hong', '2023-08-23 10:39:27', '2023-08-23 10:39:27'),
	(15, 15, 'Dong Nam Bo', '2023-08-23 10:39:27', '2023-08-23 10:39:27'),
	(16, 15, 'Duyen Hai Mien Trung', '2023-08-23 10:39:27', '2023-08-23 10:39:27'),
	(17, 15, 'Khu Bon Cu', '2023-08-23 10:39:27', '2023-08-23 10:39:27'),
	(18, 15, 'Mien Nui Va Trung Du', '2023-08-23 10:39:27', '2023-08-23 10:39:27'),
	(19, 15, 'Thai Nguyen', '2023-08-23 10:39:27', '2023-08-23 10:39:27'),
	(20, 16, 'Artibonite', '2023-08-23 10:39:27', '2023-08-23 10:39:27'),
	(21, 16, 'Grand&#039;Anse', '2023-08-23 10:39:27', '2023-08-23 10:39:27'),
	(22, 16, 'North West', '2023-08-23 10:39:27', '2023-08-23 10:39:27'),
	(23, 16, 'West', '2023-08-23 10:39:27', '2023-08-23 10:39:27'),
	(24, 16, 'South', '2023-08-23 10:39:27', '2023-08-23 10:39:27'),
	(25, 16, 'South East', '2023-08-23 10:39:27', '2023-08-23 10:39:27'),
	(26, 17, 'Grande-Terre', '2023-08-23 10:39:27', '2023-08-23 10:39:27'),
	(27, 17, 'Basse-Terre', '2023-08-23 10:39:27', '2023-08-23 10:39:27'),
	(28, 21, 'Abkhazia', '2023-08-23 10:39:27', '2023-08-23 10:39:27'),
	(29, 21, 'Ajaria', '2023-08-23 10:39:27', '2023-08-23 10:39:27'),
	(30, 21, 'Georgia', '2023-08-23 10:39:27', '2023-08-23 10:39:27'),
	(31, 21, 'South Ossetia', '2023-08-23 10:39:27', '2023-08-23 10:39:27'),
	(32, 23, 'Al QÄhira', '2023-08-23 10:39:27', '2023-08-23 10:39:27'),
	(33, 23, 'Aswan', '2023-08-23 10:39:27', '2023-08-23 10:39:27'),
	(34, 23, 'Asyut', '2023-08-23 10:39:27', '2023-08-23 10:39:27'),
	(35, 23, 'Beni Suef', '2023-08-23 10:39:27', '2023-08-23 10:39:27'),
	(36, 23, 'Gharbia', '2023-08-23 10:39:27', '2023-08-23 10:39:27'),
	(37, 23, 'Damietta', '2023-08-23 10:39:27', '2023-08-23 10:39:27'),
	(38, 24, 'Southern District', '2023-08-23 10:39:28', '2023-08-23 10:39:28'),
	(39, 24, 'Central District', '2023-08-23 10:39:28', '2023-08-23 10:39:28'),
	(40, 24, 'Northern District', '2023-08-23 10:39:28', '2023-08-23 10:39:28'),
	(41, 24, 'Haifa', '2023-08-23 10:39:28', '2023-08-23 10:39:28'),
	(42, 24, 'Tel Aviv', '2023-08-23 10:39:28', '2023-08-23 10:39:28'),
	(43, 24, 'Jerusalem', '2023-08-23 10:39:28', '2023-08-23 10:39:28'),
	(44, 25, 'Bangala', '2023-08-23 10:39:28', '2023-08-23 10:39:28'),
	(45, 25, 'Chhattisgarh', '2023-08-23 10:39:28', '2023-08-23 10:39:28'),
	(46, 25, 'Karnataka', '2023-08-23 10:39:28', '2023-08-23 10:39:28'),
	(47, 25, 'Uttaranchal', '2023-08-23 10:39:28', '2023-08-23 10:39:28'),
	(48, 25, 'Andhara Pradesh', '2023-08-23 10:39:28', '2023-08-23 10:39:28'),
	(49, 25, 'Assam', '2023-08-23 10:39:28', '2023-08-23 10:39:28'),
	(50, 25, 'Bihar', '2023-08-23 10:39:28', '2023-08-23 10:39:28'),
	(51, 25, 'Gujarat', '2023-08-23 10:39:28', '2023-08-23 10:39:28'),
	(52, 25, 'Jammu and Kashmir', '2023-08-23 10:39:28', '2023-08-23 10:39:28'),
	(53, 25, 'Kerala', '2023-08-23 10:39:28', '2023-08-23 10:39:28'),
	(54, 25, 'Madhya Pradesh', '2023-08-23 10:39:28', '2023-08-23 10:39:28'),
	(55, 25, 'Manipur', '2023-08-23 10:39:28', '2023-08-23 10:39:28'),
	(56, 25, 'Maharashtra', '2023-08-23 10:39:28', '2023-08-23 10:39:28'),
	(57, 25, 'Megahalaya', '2023-08-23 10:39:28', '2023-08-23 10:39:28'),
	(58, 25, 'Orissa', '2023-08-23 10:39:28', '2023-08-23 10:39:28'),
	(59, 25, 'Punjab', '2023-08-23 10:39:28', '2023-08-23 10:39:28'),
	(60, 25, 'Pondisheri', '2023-08-23 10:39:28', '2023-08-23 10:39:28'),
	(61, 25, 'Rajasthan', '2023-08-23 10:39:28', '2023-08-23 10:39:28'),
	(62, 25, 'Tamil Nadu', '2023-08-23 10:39:29', '2023-08-23 10:39:29'),
	(63, 25, 'Tripura', '2023-08-23 10:39:29', '2023-08-23 10:39:29'),
	(64, 25, 'Uttar Pradesh', '2023-08-23 10:39:29', '2023-08-23 10:39:29'),
	(65, 25, 'Haryana', '2023-08-23 10:39:29', '2023-08-23 10:39:29'),
	(66, 25, 'Chandigarh', '2023-08-23 10:39:29', '2023-08-23 10:39:29'),
	(67, 26, 'Azarbayjan-e Khavari', '2023-08-23 10:39:29', '2023-08-23 10:39:29'),
	(68, 26, 'Esfahan', '2023-08-23 10:39:29', '2023-08-23 10:39:29'),
	(69, 26, 'Hamadan', '2023-08-23 10:39:29', '2023-08-23 10:39:29'),
	(70, 26, 'Kordestan', '2023-08-23 10:39:29', '2023-08-23 10:39:29'),
	(71, 26, 'Markazi', '2023-08-23 10:39:29', '2023-08-23 10:39:29'),
	(72, 26, 'Sistan-e Baluches', '2023-08-23 10:39:29', '2023-08-23 10:39:29'),
	(73, 26, 'Yazd', '2023-08-23 10:39:29', '2023-08-23 10:39:29'),
	(74, 26, 'Kerman', '2023-08-23 10:39:29', '2023-08-23 10:39:29'),
	(75, 26, 'Kermanshakhan', '2023-08-23 10:39:29', '2023-08-23 10:39:29'),
	(76, 26, 'Mazenderan', '2023-08-23 10:39:29', '2023-08-23 10:39:29'),
	(77, 26, 'Tehran', '2023-08-23 10:39:29', '2023-08-23 10:39:29'),
	(78, 26, 'Fars', '2023-08-23 10:39:29', '2023-08-23 10:39:29'),
	(79, 26, 'Horasan', '2023-08-23 10:39:29', '2023-08-23 10:39:29'),
	(80, 26, 'Husistan', '2023-08-23 10:39:29', '2023-08-23 10:39:29'),
	(81, 30, 'Aktyubinskaya obl.', '2023-08-23 10:39:29', '2023-08-23 10:39:29'),
	(82, 30, 'Alma-Atinskaya obl.', '2023-08-23 10:39:29', '2023-08-23 10:39:29'),
	(83, 30, 'Vostochno-Kazahstanskaya obl.', '2023-08-23 10:39:29', '2023-08-23 10:39:29'),
	(84, 30, 'Gurevskaya obl.', '2023-08-23 10:39:30', '2023-08-23 10:39:30'),
	(85, 30, 'Zhambylskaya obl. Dzhambulskaya obl.)', '2023-08-23 10:39:30', '2023-08-23 10:39:30'),
	(86, 30, 'Dzhezkazganskaya obl.', '2023-08-23 10:39:30', '2023-08-23 10:39:30'),
	(87, 30, 'Karagandinskaya obl.', '2023-08-23 10:39:30', '2023-08-23 10:39:30'),
	(88, 30, 'Kzyl-Ordinskaya obl.', '2023-08-23 10:39:30', '2023-08-23 10:39:30'),
	(89, 30, 'Kokchetavskaya obl.', '2023-08-23 10:39:30', '2023-08-23 10:39:30'),
	(90, 30, 'Kustanaiskaya obl.', '2023-08-23 10:39:30', '2023-08-23 10:39:30'),
	(91, 30, 'Mangystauskaya Mangyshlakskaya obl.)', '2023-08-23 10:39:30', '2023-08-23 10:39:30'),
	(92, 30, 'Pavlodarskaya obl.', '2023-08-23 10:39:30', '2023-08-23 10:39:30'),
	(93, 30, 'Severo-Kazahstanskaya obl.', '2023-08-23 10:39:30', '2023-08-23 10:39:30'),
	(94, 30, 'Taldy-Kurganskaya obl.', '2023-08-23 10:39:30', '2023-08-23 10:39:30'),
	(95, 30, 'Turgaiskaya obl.', '2023-08-23 10:39:30', '2023-08-23 10:39:30'),
	(96, 30, 'Akmolinskaya obl. Tselinogradskaya obl.)', '2023-08-23 10:39:30', '2023-08-23 10:39:30'),
	(97, 30, 'Chimkentskaya obl.', '2023-08-23 10:39:30', '2023-08-23 10:39:30'),
	(98, 31, 'Littoral', '2023-08-23 10:39:31', '2023-08-23 10:39:31'),
	(99, 31, 'Southwest Region', '2023-08-23 10:39:31', '2023-08-23 10:39:31'),
	(100, 31, 'North', '2023-08-23 10:39:31', '2023-08-23 10:39:31'),
	(101, 31, 'Central', '2023-08-23 10:39:31', '2023-08-23 10:39:31'),
	(102, 33, 'Government controlled area', '2023-08-23 10:39:31', '2023-08-23 10:39:31'),
	(103, 33, 'Turkish controlled area', '2023-08-23 10:39:31', '2023-08-23 10:39:31'),
	(104, 34, 'Issik Kulskaya Region', '2023-08-23 10:39:31', '2023-08-23 10:39:31'),
	(105, 34, 'Kyrgyzstan', '2023-08-23 10:39:31', '2023-08-23 10:39:31'),
	(106, 34, 'Narinskaya Region', '2023-08-23 10:39:31', '2023-08-23 10:39:31'),
	(107, 34, 'Oshskaya Region', '2023-08-23 10:39:31', '2023-08-23 10:39:31'),
	(108, 34, 'Tallaskaya Region', '2023-08-23 10:39:31', '2023-08-23 10:39:31'),
	(109, 37, 'al-Jahra', '2023-08-23 10:39:31', '2023-08-23 10:39:31'),
	(110, 37, 'al-Kuwait', '2023-08-23 10:39:31', '2023-08-23 10:39:31'),
	(111, 38, 'Latviya', '2023-08-23 10:39:31', '2023-08-23 10:39:31'),
	(112, 39, 'Tarabulus', '2023-08-23 10:39:31', '2023-08-23 10:39:31'),
	(113, 39, 'Bengasi', '2023-08-23 10:39:31', '2023-08-23 10:39:31'),
	(114, 40, 'Litva', '2023-08-23 10:39:31', '2023-08-23 10:39:31'),
	(115, 43, 'Moldova', '2023-08-23 10:39:31', '2023-08-23 10:39:31'),
	(116, 45, 'Auckland', '2023-08-23 10:39:31', '2023-08-23 10:39:31'),
	(117, 45, 'Bay of Plenty', '2023-08-23 10:39:31', '2023-08-23 10:39:31'),
	(118, 45, 'Canterbury', '2023-08-23 10:39:31', '2023-08-23 10:39:31'),
	(119, 45, 'Gisborne', '2023-08-23 10:39:32', '2023-08-23 10:39:32'),
	(120, 45, 'Hawke&#039;s Bay', '2023-08-23 10:39:32', '2023-08-23 10:39:32'),
	(121, 45, 'Manawatu-Wanganui', '2023-08-23 10:39:32', '2023-08-23 10:39:32'),
	(122, 45, 'Marlborough', '2023-08-23 10:39:32', '2023-08-23 10:39:32'),
	(123, 45, 'Nelson', '2023-08-23 10:39:32', '2023-08-23 10:39:32'),
	(124, 45, 'Northland', '2023-08-23 10:39:32', '2023-08-23 10:39:32'),
	(125, 45, 'Otago', '2023-08-23 10:39:32', '2023-08-23 10:39:32'),
	(126, 45, 'Southland', '2023-08-23 10:39:32', '2023-08-23 10:39:32'),
	(127, 45, 'Taranaki', '2023-08-23 10:39:32', '2023-08-23 10:39:32'),
	(128, 45, 'Tasman', '2023-08-23 10:39:32', '2023-08-23 10:39:32'),
	(129, 45, 'Waikato', '2023-08-23 10:39:32', '2023-08-23 10:39:32'),
	(130, 45, 'Wellington', '2023-08-23 10:39:32', '2023-08-23 10:39:32'),
	(131, 45, 'West Coast', '2023-08-23 10:39:32', '2023-08-23 10:39:32'),
	(132, 49, 'Saint-Denis', '2023-08-23 10:39:32', '2023-08-23 10:39:32'),
	(133, 50, 'Altaiskii krai', '2023-08-23 10:39:32', '2023-08-23 10:39:32'),
	(134, 50, 'Amurskaya obl.', '2023-08-23 10:39:32', '2023-08-23 10:39:32'),
	(135, 50, 'Arhangelskaya obl.', '2023-08-23 10:39:32', '2023-08-23 10:39:32'),
	(136, 50, 'Astrahanskaya obl.', '2023-08-23 10:39:32', '2023-08-23 10:39:32'),
	(137, 50, 'Bashkiriya obl.', '2023-08-23 10:39:32', '2023-08-23 10:39:32'),
	(138, 50, 'Belgorodskaya obl.', '2023-08-23 10:39:33', '2023-08-23 10:39:33'),
	(139, 50, 'Bryanskaya obl.', '2023-08-23 10:39:33', '2023-08-23 10:39:33'),
	(140, 50, 'Buryatiya', '2023-08-23 10:39:33', '2023-08-23 10:39:33'),
	(141, 50, 'Vladimirskaya obl.', '2023-08-23 10:39:33', '2023-08-23 10:39:33'),
	(142, 50, 'Volgogradskaya obl.', '2023-08-23 10:39:33', '2023-08-23 10:39:33'),
	(143, 50, 'Vologodskaya obl.', '2023-08-23 10:39:33', '2023-08-23 10:39:33'),
	(144, 50, 'Voronezhskaya obl.', '2023-08-23 10:39:33', '2023-08-23 10:39:33'),
	(145, 50, 'Nizhegorodskaya obl.', '2023-08-23 10:39:33', '2023-08-23 10:39:33'),
	(146, 50, 'Dagestan', '2023-08-23 10:39:33', '2023-08-23 10:39:33'),
	(147, 50, 'Evreiskaya obl.', '2023-08-23 10:39:33', '2023-08-23 10:39:33'),
	(148, 50, 'Ivanovskaya obl.', '2023-08-23 10:39:33', '2023-08-23 10:39:33'),
	(149, 50, 'Irkutskaya obl.', '2023-08-23 10:39:33', '2023-08-23 10:39:33'),
	(150, 50, 'Kabardino-Balkariya', '2023-08-23 10:39:33', '2023-08-23 10:39:33'),
	(151, 50, 'Kaliningradskaya obl.', '2023-08-23 10:39:33', '2023-08-23 10:39:33'),
	(152, 50, 'Tverskaya obl.', '2023-08-23 10:39:33', '2023-08-23 10:39:33'),
	(153, 50, 'Kalmykiya', '2023-08-23 10:39:33', '2023-08-23 10:39:33'),
	(154, 50, 'Kaluzhskaya obl.', '2023-08-23 10:39:33', '2023-08-23 10:39:33'),
	(155, 50, 'Kamchatskaya obl.', '2023-08-23 10:39:33', '2023-08-23 10:39:33'),
	(156, 50, 'Kareliya', '2023-08-23 10:39:33', '2023-08-23 10:39:33'),
	(157, 50, 'Kemerovskaya obl.', '2023-08-23 10:39:33', '2023-08-23 10:39:33'),
	(158, 50, 'Kirovskaya obl.', '2023-08-23 10:39:33', '2023-08-23 10:39:33'),
	(159, 50, 'Komi', '2023-08-23 10:39:33', '2023-08-23 10:39:33'),
	(160, 50, 'Kostromskaya obl.', '2023-08-23 10:39:34', '2023-08-23 10:39:34'),
	(161, 50, 'Krasnodarskii krai', '2023-08-23 10:39:34', '2023-08-23 10:39:34'),
	(162, 50, 'Krasnoyarskii krai', '2023-08-23 10:39:34', '2023-08-23 10:39:34'),
	(163, 50, 'Kurganskaya obl.', '2023-08-23 10:39:34', '2023-08-23 10:39:34'),
	(164, 50, 'Kurskaya obl.', '2023-08-23 10:39:34', '2023-08-23 10:39:34'),
	(165, 50, 'Lipetskaya obl.', '2023-08-23 10:39:34', '2023-08-23 10:39:34'),
	(166, 50, 'Magadanskaya obl.', '2023-08-23 10:39:34', '2023-08-23 10:39:34'),
	(167, 50, 'Marii El', '2023-08-23 10:39:34', '2023-08-23 10:39:34'),
	(168, 50, 'Mordoviya', '2023-08-23 10:39:34', '2023-08-23 10:39:34'),
	(169, 50, 'Moscow &amp; Moscow Region', '2023-08-23 10:39:34', '2023-08-23 10:39:34'),
	(170, 50, 'Murmanskaya obl.', '2023-08-23 10:39:34', '2023-08-23 10:39:34'),
	(171, 50, 'Novgorodskaya obl.', '2023-08-23 10:39:34', '2023-08-23 10:39:34'),
	(172, 50, 'Novosibirskaya obl.', '2023-08-23 10:39:34', '2023-08-23 10:39:34'),
	(173, 50, 'Omskaya obl.', '2023-08-23 10:39:34', '2023-08-23 10:39:34'),
	(174, 50, 'Orenburgskaya obl.', '2023-08-23 10:39:34', '2023-08-23 10:39:34'),
	(175, 50, 'Orlovskaya obl.', '2023-08-23 10:39:34', '2023-08-23 10:39:34'),
	(176, 50, 'Penzenskaya obl.', '2023-08-23 10:39:34', '2023-08-23 10:39:34'),
	(177, 50, 'Permskiy krai', '2023-08-23 10:39:34', '2023-08-23 10:39:34'),
	(178, 50, 'Primorskii krai', '2023-08-23 10:39:34', '2023-08-23 10:39:34'),
	(179, 50, 'Pskovskaya obl.', '2023-08-23 10:39:34', '2023-08-23 10:39:34'),
	(180, 50, 'Rostovskaya obl.', '2023-08-23 10:39:35', '2023-08-23 10:39:35'),
	(181, 50, 'Ryazanskaya obl.', '2023-08-23 10:39:35', '2023-08-23 10:39:35'),
	(182, 50, 'Samarskaya obl.', '2023-08-23 10:39:35', '2023-08-23 10:39:35'),
	(183, 50, 'Saint-Petersburg and Region', '2023-08-23 10:39:35', '2023-08-23 10:39:35'),
	(184, 50, 'Saratovskaya obl.', '2023-08-23 10:39:35', '2023-08-23 10:39:35'),
	(185, 50, 'Saha Yakutiya)', '2023-08-23 10:39:35', '2023-08-23 10:39:35'),
	(186, 50, 'Sahalin', '2023-08-23 10:39:35', '2023-08-23 10:39:35'),
	(187, 50, 'Sverdlovskaya obl.', '2023-08-23 10:39:35', '2023-08-23 10:39:35'),
	(188, 50, 'Severnaya Osetiya', '2023-08-23 10:39:35', '2023-08-23 10:39:35'),
	(189, 50, 'Smolenskaya obl.', '2023-08-23 10:39:35', '2023-08-23 10:39:35'),
	(190, 50, 'Stavropolskii krai', '2023-08-23 10:39:35', '2023-08-23 10:39:35'),
	(191, 50, 'Tambovskaya obl.', '2023-08-23 10:39:35', '2023-08-23 10:39:35'),
	(192, 50, 'Tatarstan', '2023-08-23 10:39:35', '2023-08-23 10:39:35'),
	(193, 50, 'Tomskaya obl.', '2023-08-23 10:39:35', '2023-08-23 10:39:35'),
	(195, 50, 'Tulskaya obl.', '2023-08-23 10:39:35', '2023-08-23 10:39:35'),
	(196, 50, 'Tyumenskaya obl. i Hanty-Mansiiskii AO', '2023-08-23 10:39:35', '2023-08-23 10:39:35'),
	(197, 50, 'Udmurtiya', '2023-08-23 10:39:35', '2023-08-23 10:39:35'),
	(198, 50, 'Ulyanovskaya obl.', '2023-08-23 10:39:35', '2023-08-23 10:39:35'),
	(199, 50, 'Uralskaya obl.', '2023-08-23 10:39:35', '2023-08-23 10:39:35'),
	(200, 50, 'Habarovskii krai', '2023-08-23 10:39:35', '2023-08-23 10:39:35'),
	(201, 50, 'Chelyabinskaya obl.', '2023-08-23 10:39:35', '2023-08-23 10:39:35'),
	(202, 50, 'Checheno-Ingushetiya', '2023-08-23 10:39:35', '2023-08-23 10:39:35'),
	(203, 50, 'Chitinskaya obl.', '2023-08-23 10:39:35', '2023-08-23 10:39:35'),
	(204, 50, 'Chuvashiya', '2023-08-23 10:39:36', '2023-08-23 10:39:36'),
	(205, 50, 'Yaroslavskaya obl.', '2023-08-23 10:39:36', '2023-08-23 10:39:36'),
	(206, 51, 'Ahuachapán', '2023-08-23 10:39:36', '2023-08-23 10:39:36'),
	(207, 51, 'Cuscatlán', '2023-08-23 10:39:36', '2023-08-23 10:39:36'),
	(208, 51, 'La Libertad', '2023-08-23 10:39:36', '2023-08-23 10:39:36'),
	(209, 51, 'La Paz', '2023-08-23 10:39:36', '2023-08-23 10:39:36'),
	(210, 51, 'La Unión', '2023-08-23 10:39:36', '2023-08-23 10:39:36'),
	(211, 51, 'San Miguel', '2023-08-23 10:39:36', '2023-08-23 10:39:36'),
	(212, 51, 'San Salvador', '2023-08-23 10:39:36', '2023-08-23 10:39:36'),
	(213, 51, 'Santa Ana', '2023-08-23 10:39:36', '2023-08-23 10:39:36'),
	(214, 51, 'Sonsonate', '2023-08-23 10:39:36', '2023-08-23 10:39:36'),
	(215, 54, 'Paramaribo', '2023-08-23 10:39:36', '2023-08-23 10:39:36'),
	(216, 56, 'Gorno-Badakhshan Region', '2023-08-23 10:39:36', '2023-08-23 10:39:36'),
	(217, 56, 'Kuljabsk Region', '2023-08-23 10:39:36', '2023-08-23 10:39:36'),
	(218, 56, 'Kurgan-Tjube Region', '2023-08-23 10:39:36', '2023-08-23 10:39:36'),
	(219, 56, 'Sughd Region', '2023-08-23 10:39:36', '2023-08-23 10:39:36'),
	(220, 56, 'Tajikistan', '2023-08-23 10:39:36', '2023-08-23 10:39:36'),
	(221, 57, 'Ashgabat Region', '2023-08-23 10:39:36', '2023-08-23 10:39:36'),
	(222, 57, 'Krasnovodsk Region', '2023-08-23 10:39:36', '2023-08-23 10:39:36'),
	(223, 57, 'Mary Region', '2023-08-23 10:39:36', '2023-08-23 10:39:36'),
	(224, 57, 'Tashauz Region', '2023-08-23 10:39:37', '2023-08-23 10:39:37'),
	(225, 57, 'Chardzhou Region', '2023-08-23 10:39:37', '2023-08-23 10:39:37'),
	(226, 58, 'Grand Turk', '2023-08-23 10:39:37', '2023-08-23 10:39:37'),
	(227, 59, 'Bartin', '2023-08-23 10:39:37', '2023-08-23 10:39:37'),
	(228, 59, 'Bayburt', '2023-08-23 10:39:37', '2023-08-23 10:39:37'),
	(229, 59, 'Karabuk', '2023-08-23 10:39:37', '2023-08-23 10:39:37'),
	(230, 59, 'Adana', '2023-08-23 10:39:37', '2023-08-23 10:39:37'),
	(231, 59, 'Aydin', '2023-08-23 10:39:37', '2023-08-23 10:39:37'),
	(232, 59, 'Amasya', '2023-08-23 10:39:37', '2023-08-23 10:39:37'),
	(233, 59, 'Ankara', '2023-08-23 10:39:37', '2023-08-23 10:39:37'),
	(234, 59, 'Antalya', '2023-08-23 10:39:37', '2023-08-23 10:39:37'),
	(235, 59, 'Artvin', '2023-08-23 10:39:37', '2023-08-23 10:39:37'),
	(236, 59, 'Afion', '2023-08-23 10:39:38', '2023-08-23 10:39:38'),
	(237, 59, 'Balikesir', '2023-08-23 10:39:38', '2023-08-23 10:39:38'),
	(238, 59, 'Bilecik', '2023-08-23 10:39:38', '2023-08-23 10:39:38'),
	(239, 59, 'Bursa', '2023-08-23 10:39:38', '2023-08-23 10:39:38'),
	(240, 59, 'Gaziantep', '2023-08-23 10:39:38', '2023-08-23 10:39:38'),
	(241, 59, 'Denizli', '2023-08-23 10:39:38', '2023-08-23 10:39:38'),
	(242, 59, 'Izmir', '2023-08-23 10:39:38', '2023-08-23 10:39:38'),
	(243, 59, 'Isparta', '2023-08-23 10:39:38', '2023-08-23 10:39:38'),
	(244, 59, 'Icel', '2023-08-23 10:39:38', '2023-08-23 10:39:38'),
	(245, 59, 'Kayseri', '2023-08-23 10:39:38', '2023-08-23 10:39:38'),
	(246, 59, 'Kars', '2023-08-23 10:39:38', '2023-08-23 10:39:38'),
	(247, 59, 'Kodjaeli', '2023-08-23 10:39:38', '2023-08-23 10:39:38'),
	(248, 59, 'Konya', '2023-08-23 10:39:38', '2023-08-23 10:39:38'),
	(249, 59, 'Kirklareli', '2023-08-23 10:39:38', '2023-08-23 10:39:38'),
	(250, 59, 'Kutahya', '2023-08-23 10:39:38', '2023-08-23 10:39:38'),
	(251, 59, 'Malatya', '2023-08-23 10:39:38', '2023-08-23 10:39:38'),
	(252, 59, 'Manisa', '2023-08-23 10:39:38', '2023-08-23 10:39:38'),
	(253, 59, 'Sakarya', '2023-08-23 10:39:38', '2023-08-23 10:39:38'),
	(254, 59, 'Samsun', '2023-08-23 10:39:38', '2023-08-23 10:39:38'),
	(255, 59, 'Sivas', '2023-08-23 10:39:38', '2023-08-23 10:39:38'),
	(256, 59, 'Istanbul', '2023-08-23 10:39:38', '2023-08-23 10:39:38'),
	(257, 59, 'Trabzon', '2023-08-23 10:39:38', '2023-08-23 10:39:38'),
	(258, 59, 'Corum', '2023-08-23 10:39:39', '2023-08-23 10:39:39'),
	(259, 59, 'Edirne', '2023-08-23 10:39:39', '2023-08-23 10:39:39'),
	(260, 59, 'Elazig', '2023-08-23 10:39:39', '2023-08-23 10:39:39'),
	(261, 59, 'Erzincan', '2023-08-23 10:39:39', '2023-08-23 10:39:39'),
	(262, 59, 'Erzurum', '2023-08-23 10:39:39', '2023-08-23 10:39:39'),
	(263, 59, 'Eskisehir', '2023-08-23 10:39:39', '2023-08-23 10:39:39'),
	(264, 60, 'Jinja', '2023-08-23 10:39:39', '2023-08-23 10:39:39'),
	(265, 60, 'Kampala', '2023-08-23 10:39:39', '2023-08-23 10:39:39'),
	(266, 61, 'Andijon Region', '2023-08-23 10:39:39', '2023-08-23 10:39:39'),
	(267, 61, 'Buxoro Region', '2023-08-23 10:39:39', '2023-08-23 10:39:39'),
	(268, 61, 'Jizzac Region', '2023-08-23 10:39:39', '2023-08-23 10:39:39'),
	(269, 61, 'Qaraqalpaqstan', '2023-08-23 10:39:39', '2023-08-23 10:39:39'),
	(270, 61, 'Qashqadaryo Region', '2023-08-23 10:39:39', '2023-08-23 10:39:39'),
	(271, 61, 'Navoiy Region', '2023-08-23 10:39:39', '2023-08-23 10:39:39'),
	(272, 61, 'Namangan Region', '2023-08-23 10:39:39', '2023-08-23 10:39:39'),
	(273, 61, 'Samarqand Region', '2023-08-23 10:39:39', '2023-08-23 10:39:39'),
	(274, 61, 'Surxondaryo Region', '2023-08-23 10:39:39', '2023-08-23 10:39:39'),
	(275, 61, 'Sirdaryo Region', '2023-08-23 10:39:39', '2023-08-23 10:39:39'),
	(276, 61, 'Tashkent Region', '2023-08-23 10:39:39', '2023-08-23 10:39:39'),
	(277, 61, 'Fergana Region', '2023-08-23 10:39:39', '2023-08-23 10:39:39'),
	(278, 61, 'Xorazm Region', '2023-08-23 10:39:39', '2023-08-23 10:39:39'),
	(279, 62, 'Vinnitskaya obl.', '2023-08-23 10:39:39', '2023-08-23 10:39:39'),
	(280, 62, 'Volynskaya obl.', '2023-08-23 10:39:39', '2023-08-23 10:39:39'),
	(281, 62, 'Dnepropetrovskaya obl.', '2023-08-23 10:39:40', '2023-08-23 10:39:40'),
	(282, 62, 'Donetskaya obl.', '2023-08-23 10:39:40', '2023-08-23 10:39:40'),
	(283, 62, 'Zhitomirskaya obl.', '2023-08-23 10:39:40', '2023-08-23 10:39:40'),
	(284, 62, 'Zakarpatskaya obl.', '2023-08-23 10:39:40', '2023-08-23 10:39:40'),
	(285, 62, 'Zaporozhskaya obl.', '2023-08-23 10:39:40', '2023-08-23 10:39:40'),
	(286, 62, 'Ivano-Frankovskaya obl.', '2023-08-23 10:39:40', '2023-08-23 10:39:40'),
	(287, 62, 'Kievskaya obl.', '2023-08-23 10:39:40', '2023-08-23 10:39:40'),
	(288, 62, 'Kirovogradskaya obl.', '2023-08-23 10:39:40', '2023-08-23 10:39:40'),
	(289, 62, 'Krymskaya obl.', '2023-08-23 10:39:40', '2023-08-23 10:39:40'),
	(290, 62, 'Luganskaya obl.', '2023-08-23 10:39:40', '2023-08-23 10:39:40'),
	(291, 62, 'Lvovskaya obl.', '2023-08-23 10:39:40', '2023-08-23 10:39:40'),
	(292, 62, 'Nikolaevskaya obl.', '2023-08-23 10:39:40', '2023-08-23 10:39:40'),
	(293, 62, 'Odesskaya obl.', '2023-08-23 10:39:40', '2023-08-23 10:39:40'),
	(294, 62, 'Poltavskaya obl.', '2023-08-23 10:39:40', '2023-08-23 10:39:40'),
	(295, 62, 'Rovenskaya obl.', '2023-08-23 10:39:40', '2023-08-23 10:39:40'),
	(296, 62, 'Sumskaya obl.', '2023-08-23 10:39:40', '2023-08-23 10:39:40'),
	(297, 62, 'Ternopolskaya obl.', '2023-08-23 10:39:40', '2023-08-23 10:39:40'),
	(298, 62, 'Harkovskaya obl.', '2023-08-23 10:39:40', '2023-08-23 10:39:40'),
	(299, 62, 'Hersonskaya obl.', '2023-08-23 10:39:40', '2023-08-23 10:39:40'),
	(300, 62, 'Hmelnitskaya obl.', '2023-08-23 10:39:40', '2023-08-23 10:39:40'),
	(301, 62, 'Cherkasskaya obl.', '2023-08-23 10:39:40', '2023-08-23 10:39:40'),
	(302, 62, 'Chernigovskaya obl.', '2023-08-23 10:39:40', '2023-08-23 10:39:40'),
	(303, 62, 'Chernovitskaya obl.', '2023-08-23 10:39:40', '2023-08-23 10:39:40'),
	(304, 68, 'Estoniya', '2023-08-23 10:39:41', '2023-08-23 10:39:41'),
	(305, 69, 'Cheju', '2023-08-23 10:39:41', '2023-08-23 10:39:41'),
	(306, 69, 'Chollabuk', '2023-08-23 10:39:41', '2023-08-23 10:39:41'),
	(307, 69, 'Chollanam', '2023-08-23 10:39:41', '2023-08-23 10:39:41'),
	(308, 69, 'Chungcheongbuk', '2023-08-23 10:39:41', '2023-08-23 10:39:41'),
	(309, 69, 'Chungcheongnam', '2023-08-23 10:39:41', '2023-08-23 10:39:41'),
	(310, 69, 'Incheon', '2023-08-23 10:39:41', '2023-08-23 10:39:41'),
	(311, 69, 'Kangweon', '2023-08-23 10:39:41', '2023-08-23 10:39:41'),
	(312, 69, 'Kwangju', '2023-08-23 10:39:41', '2023-08-23 10:39:41'),
	(313, 69, 'Kyeonggi', '2023-08-23 10:39:41', '2023-08-23 10:39:41'),
	(314, 69, 'Kyeongsangbuk', '2023-08-23 10:39:41', '2023-08-23 10:39:41'),
	(315, 69, 'Kyeongsangnam', '2023-08-23 10:39:41', '2023-08-23 10:39:41'),
	(316, 69, 'Pusan', '2023-08-23 10:39:41', '2023-08-23 10:39:41'),
	(317, 69, 'Seoul', '2023-08-23 10:39:41', '2023-08-23 10:39:41'),
	(318, 69, 'Taegu', '2023-08-23 10:39:41', '2023-08-23 10:39:41'),
	(319, 69, 'Taejeon', '2023-08-23 10:39:41', '2023-08-23 10:39:41'),
	(320, 69, 'Ulsan', '2023-08-23 10:39:41', '2023-08-23 10:39:41'),
	(321, 70, 'Aichi', '2023-08-23 10:39:41', '2023-08-23 10:39:41'),
	(322, 70, 'Akita', '2023-08-23 10:39:41', '2023-08-23 10:39:41'),
	(323, 70, 'Aomori', '2023-08-23 10:39:41', '2023-08-23 10:39:41'),
	(324, 70, 'Wakayama', '2023-08-23 10:39:41', '2023-08-23 10:39:41'),
	(325, 70, 'Gifu', '2023-08-23 10:39:41', '2023-08-23 10:39:41'),
	(326, 70, 'Gunma', '2023-08-23 10:39:41', '2023-08-23 10:39:41'),
	(327, 70, 'Ibaraki', '2023-08-23 10:39:42', '2023-08-23 10:39:42'),
	(328, 70, 'Iwate', '2023-08-23 10:39:42', '2023-08-23 10:39:42'),
	(329, 70, 'Ishikawa', '2023-08-23 10:39:42', '2023-08-23 10:39:42'),
	(330, 70, 'Kagawa', '2023-08-23 10:39:42', '2023-08-23 10:39:42'),
	(331, 70, 'Kagoshima', '2023-08-23 10:39:42', '2023-08-23 10:39:42'),
	(332, 70, 'Kanagawa', '2023-08-23 10:39:42', '2023-08-23 10:39:42'),
	(333, 70, 'Kyoto', '2023-08-23 10:39:42', '2023-08-23 10:39:42'),
	(334, 70, 'Kochi', '2023-08-23 10:39:42', '2023-08-23 10:39:42'),
	(335, 70, 'Kumamoto', '2023-08-23 10:39:42', '2023-08-23 10:39:42'),
	(336, 70, 'Mie', '2023-08-23 10:39:42', '2023-08-23 10:39:42'),
	(337, 70, 'Miyagi', '2023-08-23 10:39:42', '2023-08-23 10:39:42'),
	(338, 70, 'Miyazaki', '2023-08-23 10:39:42', '2023-08-23 10:39:42'),
	(339, 70, 'Nagano', '2023-08-23 10:39:42', '2023-08-23 10:39:42'),
	(340, 70, 'Nagasaki', '2023-08-23 10:39:42', '2023-08-23 10:39:42'),
	(341, 70, 'Nara', '2023-08-23 10:39:42', '2023-08-23 10:39:42'),
	(342, 70, 'Niigata', '2023-08-23 10:39:42', '2023-08-23 10:39:42'),
	(343, 70, 'Okayama', '2023-08-23 10:39:42', '2023-08-23 10:39:42'),
	(344, 70, 'Okinawa', '2023-08-23 10:39:42', '2023-08-23 10:39:42'),
	(345, 70, 'Osaka', '2023-08-23 10:39:42', '2023-08-23 10:39:42'),
	(346, 70, 'Saga', '2023-08-23 10:39:42', '2023-08-23 10:39:42'),
	(347, 70, 'Saitama', '2023-08-23 10:39:42', '2023-08-23 10:39:42'),
	(348, 70, 'Shiga', '2023-08-23 10:39:42', '2023-08-23 10:39:42'),
	(349, 70, 'Shizuoka', '2023-08-23 10:39:42', '2023-08-23 10:39:42'),
	(350, 70, 'Shimane', '2023-08-23 10:39:43', '2023-08-23 10:39:43'),
	(351, 70, 'Tiba', '2023-08-23 10:39:43', '2023-08-23 10:39:43'),
	(352, 70, 'Tokyo', '2023-08-23 10:39:43', '2023-08-23 10:39:43'),
	(353, 70, 'Tokushima', '2023-08-23 10:39:43', '2023-08-23 10:39:43'),
	(354, 70, 'Tochigi', '2023-08-23 10:39:43', '2023-08-23 10:39:43'),
	(355, 70, 'Tottori', '2023-08-23 10:39:43', '2023-08-23 10:39:43'),
	(356, 70, 'Toyama', '2023-08-23 10:39:43', '2023-08-23 10:39:43'),
	(357, 70, 'Fukui', '2023-08-23 10:39:43', '2023-08-23 10:39:43'),
	(358, 70, 'Fukuoka', '2023-08-23 10:39:43', '2023-08-23 10:39:43'),
	(359, 70, 'Fukushima', '2023-08-23 10:39:43', '2023-08-23 10:39:43'),
	(360, 70, 'Hiroshima', '2023-08-23 10:39:43', '2023-08-23 10:39:43'),
	(361, 70, 'Hokkaido', '2023-08-23 10:39:43', '2023-08-23 10:39:43'),
	(362, 70, 'Hyogo', '2023-08-23 10:39:43', '2023-08-23 10:39:43'),
	(363, 70, 'Yoshimi', '2023-08-23 10:39:43', '2023-08-23 10:39:43'),
	(364, 70, 'Yamagata', '2023-08-23 10:39:43', '2023-08-23 10:39:43'),
	(365, 70, 'Yamaguchi', '2023-08-23 10:39:43', '2023-08-23 10:39:43'),
	(366, 70, 'Yamanashi', '2023-08-23 10:39:43', '2023-08-23 10:39:43'),
	(368, 73, 'Hong Kong', '2023-08-23 10:39:43', '2023-08-23 10:39:43'),
	(369, 74, 'Indonesia', '2023-08-23 10:39:43', '2023-08-23 10:39:43'),
	(370, 75, 'Jordan', '2023-08-23 10:39:43', '2023-08-23 10:39:43'),
	(371, 76, 'Malaysia', '2023-08-23 10:39:43', '2023-08-23 10:39:43'),
	(372, 77, 'Singapore', '2023-08-23 10:39:43', '2023-08-23 10:39:43'),
	(373, 78, 'Taiwan', '2023-08-23 10:39:43', '2023-08-23 10:39:43'),
	(374, 30, 'Kazahstan', '2023-08-23 10:39:43', '2023-08-23 10:39:43'),
	(375, 62, 'Ukraina', '2023-08-23 10:39:43', '2023-08-23 10:39:43'),
	(376, 25, 'India', '2023-08-23 10:39:44', '2023-08-23 10:39:44'),
	(377, 23, 'Egypt', '2023-08-23 10:39:44', '2023-08-23 10:39:44'),
	(378, 106, 'Damascus', '2023-08-23 10:39:44', '2023-08-23 10:39:44'),
	(379, 131, 'Isle of Man', '2023-08-23 10:39:44', '2023-08-23 10:39:44'),
	(380, 30, 'Zapadno-Kazahstanskaya obl.', '2023-08-23 10:39:44', '2023-08-23 10:39:44'),
	(381, 50, 'Adygeya', '2023-08-23 10:39:44', '2023-08-23 10:39:44'),
	(382, 50, 'Hakasiya', '2023-08-23 10:39:44', '2023-08-23 10:39:44'),
	(383, 93, 'Dubai', '2023-08-23 10:39:44', '2023-08-23 10:39:44'),
	(384, 50, 'Chukotskii AO', '2023-08-23 10:39:44', '2023-08-23 10:39:44'),
	(385, 99, 'Beirut', '2023-08-23 10:39:44', '2023-08-23 10:39:44'),
	(386, 137, 'Tegucigalpa', '2023-08-23 10:39:44', '2023-08-23 10:39:44'),
	(387, 138, 'Santo Domingo', '2023-08-23 10:39:44', '2023-08-23 10:39:44'),
	(388, 139, 'Ulan Bator', '2023-08-23 10:39:44', '2023-08-23 10:39:44'),
	(389, 23, 'Sinai', '2023-08-23 10:39:44', '2023-08-23 10:39:44'),
	(390, 140, 'Baghdad', '2023-08-23 10:39:44', '2023-08-23 10:39:44'),
	(391, 140, 'Basra', '2023-08-23 10:39:44', '2023-08-23 10:39:44'),
	(392, 140, 'Mosul', '2023-08-23 10:39:45', '2023-08-23 10:39:45'),
	(393, 141, 'Johannesburg', '2023-08-23 10:39:45', '2023-08-23 10:39:45'),
	(394, 104, 'Morocco', '2023-08-23 10:39:45', '2023-08-23 10:39:45'),
	(395, 104, 'Tangier', '2023-08-23 10:39:45', '2023-08-23 10:39:45'),
	(396, 50, 'Yamalo-Nenetskii AO', '2023-08-23 10:39:45', '2023-08-23 10:39:45'),
	(397, 122, 'Tunisia', '2023-08-23 10:39:45', '2023-08-23 10:39:45'),
	(398, 92, 'Thailand', '2023-08-23 10:39:45', '2023-08-23 10:39:45'),
	(399, 117, 'Mozambique', '2023-08-23 10:39:45', '2023-08-23 10:39:45'),
	(400, 84, 'Korea', '2023-08-23 10:39:45', '2023-08-23 10:39:45'),
	(401, 87, 'Pakistan', '2023-08-23 10:39:45', '2023-08-23 10:39:45'),
	(402, 142, 'Aruba', '2023-08-23 10:39:45', '2023-08-23 10:39:45'),
	(403, 80, 'Bahamas', '2023-08-23 10:39:45', '2023-08-23 10:39:45'),
	(404, 69, 'South Korea', '2023-08-23 10:39:45', '2023-08-23 10:39:45'),
	(405, 132, 'Jamaica', '2023-08-23 10:39:45', '2023-08-23 10:39:45'),
	(406, 93, 'Sharjah', '2023-08-23 10:39:45', '2023-08-23 10:39:45'),
	(407, 93, 'Abu Dhabi', '2023-08-23 10:39:45', '2023-08-23 10:39:45'),
	(409, 24, 'Ramat Hagolan', '2023-08-23 10:39:45', '2023-08-23 10:39:45'),
	(410, 115, 'Nigeria', '2023-08-23 10:39:45', '2023-08-23 10:39:45'),
	(411, 64, 'Ain', '2023-08-23 10:39:45', '2023-08-23 10:39:45'),
	(412, 64, 'Haute-Savoie', '2023-08-23 10:39:45', '2023-08-23 10:39:45'),
	(413, 64, 'Aisne', '2023-08-23 10:39:45', '2023-08-23 10:39:45'),
	(414, 64, 'Allier', '2023-08-23 10:39:45', '2023-08-23 10:39:45'),
	(415, 64, 'Alpes-de-Haute-Provence', '2023-08-23 10:39:45', '2023-08-23 10:39:45'),
	(416, 64, 'Hautes-Alpes', '2023-08-23 10:39:46', '2023-08-23 10:39:46'),
	(417, 64, 'Alpes-Maritimes', '2023-08-23 10:39:46', '2023-08-23 10:39:46'),
	(418, 64, 'Ard&egrave;che', '2023-08-23 10:39:46', '2023-08-23 10:39:46'),
	(419, 64, 'Ardennes', '2023-08-23 10:39:46', '2023-08-23 10:39:46'),
	(420, 64, 'Ari&egrave;ge', '2023-08-23 10:39:46', '2023-08-23 10:39:46'),
	(421, 64, 'Aube', '2023-08-23 10:39:46', '2023-08-23 10:39:46'),
	(422, 64, 'Aude', '2023-08-23 10:39:46', '2023-08-23 10:39:46'),
	(423, 64, 'Aveyron', '2023-08-23 10:39:46', '2023-08-23 10:39:46'),
	(424, 64, 'Bouches-du-Rh&ocirc;ne', '2023-08-23 10:39:46', '2023-08-23 10:39:46'),
	(425, 64, 'Calvados', '2023-08-23 10:39:46', '2023-08-23 10:39:46'),
	(426, 64, 'Cantal', '2023-08-23 10:39:46', '2023-08-23 10:39:46'),
	(427, 64, 'Charente', '2023-08-23 10:39:46', '2023-08-23 10:39:46'),
	(428, 64, 'Charente Maritime', '2023-08-23 10:39:46', '2023-08-23 10:39:46'),
	(429, 64, 'Cher', '2023-08-23 10:39:46', '2023-08-23 10:39:46'),
	(430, 64, 'Corr&egrave;ze', '2023-08-23 10:39:46', '2023-08-23 10:39:46'),
	(431, 64, 'Dordogne', '2023-08-23 10:39:46', '2023-08-23 10:39:46'),
	(432, 64, 'Corse', '2023-08-23 10:39:46', '2023-08-23 10:39:46'),
	(433, 64, 'C&ocirc;te d&#039;Or', '2023-08-23 10:39:46', '2023-08-23 10:39:46'),
	(434, 64, 'Sa&ocirc;ne et Loire', '2023-08-23 10:39:46', '2023-08-23 10:39:46'),
	(435, 64, 'C&ocirc;tes d&#039;Armor', '2023-08-23 10:39:46', '2023-08-23 10:39:46'),
	(436, 64, 'Creuse', '2023-08-23 10:39:46', '2023-08-23 10:39:46'),
	(437, 64, 'Doubs', '2023-08-23 10:39:46', '2023-08-23 10:39:46'),
	(438, 64, 'Dr&ocirc;me', '2023-08-23 10:39:46', '2023-08-23 10:39:46'),
	(439, 64, 'Eure', '2023-08-23 10:39:47', '2023-08-23 10:39:47'),
	(440, 64, 'Eure-et-Loire', '2023-08-23 10:39:47', '2023-08-23 10:39:47'),
	(441, 64, 'Finist&egrave;re', '2023-08-23 10:39:47', '2023-08-23 10:39:47'),
	(442, 64, 'Gard', '2023-08-23 10:39:47', '2023-08-23 10:39:47'),
	(443, 64, 'Haute-Garonne', '2023-08-23 10:39:47', '2023-08-23 10:39:47'),
	(444, 64, 'Gers', '2023-08-23 10:39:47', '2023-08-23 10:39:47'),
	(445, 64, 'Gironde', '2023-08-23 10:39:47', '2023-08-23 10:39:47'),
	(446, 64, 'Hérault', '2023-08-23 10:39:47', '2023-08-23 10:39:47'),
	(447, 64, 'Ille et Vilaine', '2023-08-23 10:39:47', '2023-08-23 10:39:47'),
	(448, 64, 'Indre', '2023-08-23 10:39:47', '2023-08-23 10:39:47'),
	(449, 64, 'Indre-et-Loire', '2023-08-23 10:39:47', '2023-08-23 10:39:47'),
	(450, 64, 'Isère', '2023-08-23 10:39:47', '2023-08-23 10:39:47'),
	(451, 64, 'Jura', '2023-08-23 10:39:47', '2023-08-23 10:39:47'),
	(452, 64, 'Landes', '2023-08-23 10:39:47', '2023-08-23 10:39:47'),
	(453, 64, 'Loir-et-Cher', '2023-08-23 10:39:47', '2023-08-23 10:39:47'),
	(454, 64, 'Loire', '2023-08-23 10:39:47', '2023-08-23 10:39:47'),
	(455, 64, 'Rh&ocirc;ne', '2023-08-23 10:39:47', '2023-08-23 10:39:47'),
	(456, 64, 'Haute-Loire', '2023-08-23 10:39:47', '2023-08-23 10:39:47'),
	(457, 64, 'Loire Atlantique', '2023-08-23 10:39:47', '2023-08-23 10:39:47'),
	(458, 64, 'Loiret', '2023-08-23 10:39:47', '2023-08-23 10:39:47'),
	(459, 64, 'Lot', '2023-08-23 10:39:47', '2023-08-23 10:39:47'),
	(460, 64, 'Lot-et-Garonne', '2023-08-23 10:39:47', '2023-08-23 10:39:47'),
	(461, 64, 'Loz&egrave;re', '2023-08-23 10:39:47', '2023-08-23 10:39:47'),
	(462, 64, 'Maine et Loire', '2023-08-23 10:39:47', '2023-08-23 10:39:47'),
	(463, 64, 'Manche', '2023-08-23 10:39:48', '2023-08-23 10:39:48'),
	(464, 64, 'Marne', '2023-08-23 10:39:48', '2023-08-23 10:39:48'),
	(465, 64, 'Haute-Marne', '2023-08-23 10:39:48', '2023-08-23 10:39:48'),
	(466, 64, 'Mayenne', '2023-08-23 10:39:48', '2023-08-23 10:39:48'),
	(467, 64, 'Meurthe-et-Moselle', '2023-08-23 10:39:48', '2023-08-23 10:39:48'),
	(468, 64, 'Meuse', '2023-08-23 10:39:48', '2023-08-23 10:39:48'),
	(469, 64, 'Morbihan', '2023-08-23 10:39:48', '2023-08-23 10:39:48'),
	(470, 64, 'Moselle', '2023-08-23 10:39:48', '2023-08-23 10:39:48'),
	(471, 64, 'Ni&egrave;vre', '2023-08-23 10:39:48', '2023-08-23 10:39:48'),
	(472, 64, 'Nord', '2023-08-23 10:39:48', '2023-08-23 10:39:48'),
	(473, 64, 'Oise', '2023-08-23 10:39:48', '2023-08-23 10:39:48'),
	(474, 64, 'Orne', '2023-08-23 10:39:48', '2023-08-23 10:39:48'),
	(475, 64, 'Pas-de-Calais', '2023-08-23 10:39:48', '2023-08-23 10:39:48'),
	(476, 64, 'Puy-de-D&ocirc;me', '2023-08-23 10:39:48', '2023-08-23 10:39:48'),
	(477, 64, 'Pyrénées-Atlantiques', '2023-08-23 10:39:48', '2023-08-23 10:39:48'),
	(478, 64, 'Hautes-Pyrénées', '2023-08-23 10:39:48', '2023-08-23 10:39:48'),
	(479, 64, 'Pyrénées-Orientales', '2023-08-23 10:39:48', '2023-08-23 10:39:48'),
	(480, 64, 'Bas Rhin', '2023-08-23 10:39:48', '2023-08-23 10:39:48'),
	(481, 64, 'Haut Rhin', '2023-08-23 10:39:48', '2023-08-23 10:39:48'),
	(482, 64, 'Haute-Sa&ocirc;ne', '2023-08-23 10:39:48', '2023-08-23 10:39:48'),
	(483, 64, 'Sarthe', '2023-08-23 10:39:48', '2023-08-23 10:39:48'),
	(484, 64, 'Savoie', '2023-08-23 10:39:48', '2023-08-23 10:39:48'),
	(485, 64, 'Paris', '2023-08-23 10:39:48', '2023-08-23 10:39:48'),
	(486, 64, 'Seine-Maritime', '2023-08-23 10:39:48', '2023-08-23 10:39:48'),
	(487, 64, 'Seine-et-Marne', '2023-08-23 10:39:49', '2023-08-23 10:39:49'),
	(488, 64, 'Yvelines', '2023-08-23 10:39:49', '2023-08-23 10:39:49'),
	(489, 64, 'Deux-S&egrave;vres', '2023-08-23 10:39:49', '2023-08-23 10:39:49'),
	(490, 64, 'Somme', '2023-08-23 10:39:49', '2023-08-23 10:39:49'),
	(491, 64, 'Tarn', '2023-08-23 10:39:49', '2023-08-23 10:39:49'),
	(492, 64, 'Tarn-et-Garonne', '2023-08-23 10:39:49', '2023-08-23 10:39:49'),
	(493, 64, 'Var', '2023-08-23 10:39:49', '2023-08-23 10:39:49'),
	(494, 64, 'Vaucluse', '2023-08-23 10:39:49', '2023-08-23 10:39:49'),
	(495, 64, 'Vendée', '2023-08-23 10:39:49', '2023-08-23 10:39:49'),
	(496, 64, 'Vienne', '2023-08-23 10:39:49', '2023-08-23 10:39:49'),
	(497, 64, 'Haute-Vienne', '2023-08-23 10:39:49', '2023-08-23 10:39:49'),
	(498, 64, 'Vosges', '2023-08-23 10:39:49', '2023-08-23 10:39:49'),
	(499, 64, 'Yonne', '2023-08-23 10:39:49', '2023-08-23 10:39:49'),
	(500, 64, 'Territoire de Belfort', '2023-08-23 10:39:49', '2023-08-23 10:39:49'),
	(501, 64, 'Essonne', '2023-08-23 10:39:49', '2023-08-23 10:39:49'),
	(502, 64, 'Hauts-de-Seine', '2023-08-23 10:39:49', '2023-08-23 10:39:49'),
	(503, 64, 'Seine-Saint-Denis', '2023-08-23 10:39:49', '2023-08-23 10:39:49'),
	(504, 64, 'Val-de-Marne', '2023-08-23 10:39:49', '2023-08-23 10:39:49'),
	(505, 64, 'Val-d&#039;Oise', '2023-08-23 10:39:49', '2023-08-23 10:39:49'),
	(506, 29, 'Piemonte - Torino', '2023-08-23 10:39:49', '2023-08-23 10:39:49'),
	(507, 29, 'Piemonte - Alessandria', '2023-08-23 10:39:49', '2023-08-23 10:39:49'),
	(508, 29, 'Piemonte - Asti', '2023-08-23 10:39:49', '2023-08-23 10:39:49'),
	(509, 29, 'Piemonte - Biella', '2023-08-23 10:39:50', '2023-08-23 10:39:50'),
	(510, 29, 'Piemonte - Cuneo', '2023-08-23 10:39:50', '2023-08-23 10:39:50'),
	(511, 29, 'Piemonte - Novara', '2023-08-23 10:39:50', '2023-08-23 10:39:50'),
	(512, 29, 'Piemonte - Verbania', '2023-08-23 10:39:50', '2023-08-23 10:39:50'),
	(513, 29, 'Piemonte - Vercelli', '2023-08-23 10:39:50', '2023-08-23 10:39:50'),
	(514, 29, 'Valle d&#039;Aosta - Aosta', '2023-08-23 10:39:50', '2023-08-23 10:39:50'),
	(515, 29, 'Lombardia - Milano', '2023-08-23 10:39:50', '2023-08-23 10:39:50'),
	(516, 29, 'Lombardia - Bergamo', '2023-08-23 10:39:50', '2023-08-23 10:39:50'),
	(517, 29, 'Lombardia - Brescia', '2023-08-23 10:39:50', '2023-08-23 10:39:50'),
	(518, 29, 'Lombardia - Como', '2023-08-23 10:39:50', '2023-08-23 10:39:50'),
	(519, 29, 'Lombardia - Cremona', '2023-08-23 10:39:50', '2023-08-23 10:39:50'),
	(520, 29, 'Lombardia - Lecco', '2023-08-23 10:39:50', '2023-08-23 10:39:50'),
	(521, 29, 'Lombardia - Lodi', '2023-08-23 10:39:50', '2023-08-23 10:39:50'),
	(522, 29, 'Lombardia - Mantova', '2023-08-23 10:39:50', '2023-08-23 10:39:50'),
	(523, 29, 'Lombardia - Pavia', '2023-08-23 10:39:50', '2023-08-23 10:39:50'),
	(524, 29, 'Lombardia - Sondrio', '2023-08-23 10:39:50', '2023-08-23 10:39:50'),
	(525, 29, 'Lombardia - Varese', '2023-08-23 10:39:50', '2023-08-23 10:39:50'),
	(526, 29, 'Trentino Alto Adige - Trento', '2023-08-23 10:39:50', '2023-08-23 10:39:50'),
	(527, 29, 'Trentino Alto Adige - Bolzano', '2023-08-23 10:39:50', '2023-08-23 10:39:50'),
	(528, 29, 'Veneto - Venezia', '2023-08-23 10:39:50', '2023-08-23 10:39:50'),
	(529, 29, 'Veneto - Belluno', '2023-08-23 10:39:50', '2023-08-23 10:39:50'),
	(530, 29, 'Veneto - Padova', '2023-08-23 10:39:50', '2023-08-23 10:39:50'),
	(531, 29, 'Veneto - Rovigo', '2023-08-23 10:39:50', '2023-08-23 10:39:50'),
	(532, 29, 'Veneto - Treviso', '2023-08-23 10:39:50', '2023-08-23 10:39:50'),
	(533, 29, 'Veneto - Verona', '2023-08-23 10:39:51', '2023-08-23 10:39:51'),
	(534, 29, 'Veneto - Vicenza', '2023-08-23 10:39:51', '2023-08-23 10:39:51'),
	(535, 29, 'Friuli Venezia Giulia - Trieste', '2023-08-23 10:39:51', '2023-08-23 10:39:51'),
	(536, 29, 'Friuli Venezia Giulia - Gorizia', '2023-08-23 10:39:51', '2023-08-23 10:39:51'),
	(537, 29, 'Friuli Venezia Giulia - Pordenone', '2023-08-23 10:39:51', '2023-08-23 10:39:51'),
	(538, 29, 'Friuli Venezia Giulia - Udine', '2023-08-23 10:39:51', '2023-08-23 10:39:51'),
	(539, 29, 'Liguria - Genova', '2023-08-23 10:39:51', '2023-08-23 10:39:51'),
	(540, 29, 'Liguria - Imperia', '2023-08-23 10:39:51', '2023-08-23 10:39:51'),
	(541, 29, 'Liguria - La Spezia', '2023-08-23 10:39:51', '2023-08-23 10:39:51'),
	(542, 29, 'Liguria - Savona', '2023-08-23 10:39:51', '2023-08-23 10:39:51'),
	(543, 29, 'Emilia Romagna - Bologna', '2023-08-23 10:39:51', '2023-08-23 10:39:51'),
	(544, 29, 'Emilia Romagna - Ferrara', '2023-08-23 10:39:51', '2023-08-23 10:39:51'),
	(545, 29, 'Emilia Romagna - Forlì-Cesena', '2023-08-23 10:39:51', '2023-08-23 10:39:51'),
	(546, 29, 'Emilia Romagna - Modena', '2023-08-23 10:39:51', '2023-08-23 10:39:51'),
	(547, 29, 'Emilia Romagna - Parma', '2023-08-23 10:39:51', '2023-08-23 10:39:51'),
	(548, 29, 'Emilia Romagna - Piacenza', '2023-08-23 10:39:51', '2023-08-23 10:39:51'),
	(549, 29, 'Emilia Romagna - Ravenna', '2023-08-23 10:39:51', '2023-08-23 10:39:51'),
	(550, 29, 'Emilia Romagna - Reggio Emilia', '2023-08-23 10:39:51', '2023-08-23 10:39:51'),
	(551, 29, 'Emilia Romagna - Rimini', '2023-08-23 10:39:51', '2023-08-23 10:39:51'),
	(552, 29, 'Toscana - Firenze', '2023-08-23 10:39:51', '2023-08-23 10:39:51'),
	(553, 29, 'Toscana - Arezzo', '2023-08-23 10:39:51', '2023-08-23 10:39:51'),
	(554, 29, 'Toscana - Grosseto', '2023-08-23 10:39:52', '2023-08-23 10:39:52'),
	(555, 29, 'Toscana - Livorno', '2023-08-23 10:39:52', '2023-08-23 10:39:52'),
	(556, 29, 'Toscana - Lucca', '2023-08-23 10:39:52', '2023-08-23 10:39:52'),
	(557, 29, 'Toscana - Massa Carrara', '2023-08-23 10:39:52', '2023-08-23 10:39:52'),
	(558, 29, 'Toscana - Pisa', '2023-08-23 10:39:52', '2023-08-23 10:39:52'),
	(559, 29, 'Toscana - Pistoia', '2023-08-23 10:39:52', '2023-08-23 10:39:52'),
	(560, 29, 'Toscana - Prato', '2023-08-23 10:39:52', '2023-08-23 10:39:52'),
	(561, 29, 'Toscana - Siena', '2023-08-23 10:39:52', '2023-08-23 10:39:52'),
	(562, 29, 'Umbria - Perugia', '2023-08-23 10:39:52', '2023-08-23 10:39:52'),
	(563, 29, 'Umbria - Terni', '2023-08-23 10:39:52', '2023-08-23 10:39:52'),
	(564, 29, 'Marche - Ancona', '2023-08-23 10:39:52', '2023-08-23 10:39:52'),
	(565, 29, 'Marche - Ascoli Piceno', '2023-08-23 10:39:52', '2023-08-23 10:39:52'),
	(566, 29, 'Marche - Macerata', '2023-08-23 10:39:52', '2023-08-23 10:39:52'),
	(567, 29, 'Marche - Pesaro - Urbino', '2023-08-23 10:39:52', '2023-08-23 10:39:52'),
	(568, 29, 'Lazio - Roma', '2023-08-23 10:39:52', '2023-08-23 10:39:52'),
	(569, 29, 'Lazio - Frosinone', '2023-08-23 10:39:52', '2023-08-23 10:39:52'),
	(570, 29, 'Lazio - Latina', '2023-08-23 10:39:52', '2023-08-23 10:39:52'),
	(571, 29, 'Lazio - Rieti', '2023-08-23 10:39:52', '2023-08-23 10:39:52'),
	(572, 29, 'Lazio - Viterbo', '2023-08-23 10:39:52', '2023-08-23 10:39:52'),
	(573, 29, 'Abruzzo - L´Aquila', '2023-08-23 10:39:52', '2023-08-23 10:39:52'),
	(574, 29, 'Abruzzo - Chieti', '2023-08-23 10:39:53', '2023-08-23 10:39:53'),
	(575, 29, 'Abruzzo - Pescara', '2023-08-23 10:39:53', '2023-08-23 10:39:53'),
	(576, 29, 'Abruzzo - Teramo', '2023-08-23 10:39:53', '2023-08-23 10:39:53'),
	(577, 29, 'Molise - Campobasso', '2023-08-23 10:39:53', '2023-08-23 10:39:53'),
	(578, 29, 'Molise - Isernia', '2023-08-23 10:39:53', '2023-08-23 10:39:53'),
	(579, 29, 'Campania - Napoli', '2023-08-23 10:39:53', '2023-08-23 10:39:53'),
	(580, 29, 'Campania - Avellino', '2023-08-23 10:39:53', '2023-08-23 10:39:53'),
	(581, 29, 'Campania - Benevento', '2023-08-23 10:39:53', '2023-08-23 10:39:53'),
	(582, 29, 'Campania - Caserta', '2023-08-23 10:39:53', '2023-08-23 10:39:53'),
	(583, 29, 'Campania - Salerno', '2023-08-23 10:39:53', '2023-08-23 10:39:53'),
	(584, 29, 'Puglia - Bari', '2023-08-23 10:39:53', '2023-08-23 10:39:53'),
	(585, 29, 'Puglia - Brindisi', '2023-08-23 10:39:53', '2023-08-23 10:39:53'),
	(586, 29, 'Puglia - Foggia', '2023-08-23 10:39:53', '2023-08-23 10:39:53'),
	(587, 29, 'Puglia - Lecce', '2023-08-23 10:39:53', '2023-08-23 10:39:53'),
	(588, 29, 'Puglia - Taranto', '2023-08-23 10:39:53', '2023-08-23 10:39:53'),
	(589, 29, 'Basilicata - Potenza', '2023-08-23 10:39:53', '2023-08-23 10:39:53'),
	(590, 29, 'Basilicata - Matera', '2023-08-23 10:39:53', '2023-08-23 10:39:53'),
	(591, 29, 'Calabria - Catanzaro', '2023-08-23 10:39:53', '2023-08-23 10:39:53'),
	(592, 29, 'Calabria - Cosenza', '2023-08-23 10:39:53', '2023-08-23 10:39:53'),
	(593, 29, 'Calabria - Crotone', '2023-08-23 10:39:53', '2023-08-23 10:39:53'),
	(594, 29, 'Calabria - Reggio Calabria', '2023-08-23 10:39:53', '2023-08-23 10:39:53'),
	(595, 29, 'Calabria - Vibo Valentia', '2023-08-23 10:39:53', '2023-08-23 10:39:53'),
	(596, 29, 'Sicilia - Palermo', '2023-08-23 10:39:53', '2023-08-23 10:39:53'),
	(597, 29, 'Sicilia - Agrigento', '2023-08-23 10:39:53', '2023-08-23 10:39:53'),
	(598, 29, 'Sicilia - Caltanissetta', '2023-08-23 10:39:54', '2023-08-23 10:39:54'),
	(599, 29, 'Sicilia - Catania', '2023-08-23 10:39:54', '2023-08-23 10:39:54'),
	(600, 29, 'Sicilia - Enna', '2023-08-23 10:39:54', '2023-08-23 10:39:54'),
	(601, 29, 'Sicilia - Messina', '2023-08-23 10:39:54', '2023-08-23 10:39:54'),
	(602, 29, 'Sicilia - Ragusa', '2023-08-23 10:39:54', '2023-08-23 10:39:54'),
	(603, 29, 'Sicilia - Siracusa', '2023-08-23 10:39:54', '2023-08-23 10:39:54'),
	(604, 29, 'Sicilia - Trapani', '2023-08-23 10:39:54', '2023-08-23 10:39:54'),
	(605, 29, 'Sardegna - Cagliari', '2023-08-23 10:39:54', '2023-08-23 10:39:54'),
	(606, 29, 'Sardegna - Nuoro', '2023-08-23 10:39:54', '2023-08-23 10:39:54'),
	(607, 29, 'Sardegna - Oristano', '2023-08-23 10:39:54', '2023-08-23 10:39:54'),
	(608, 29, 'Sardegna - Sassari', '2023-08-23 10:39:54', '2023-08-23 10:39:54'),
	(609, 28, 'Las Palmas', '2023-08-23 10:39:54', '2023-08-23 10:39:54'),
	(610, 28, 'Soria', '2023-08-23 10:39:54', '2023-08-23 10:39:54'),
	(611, 28, 'Palencia', '2023-08-23 10:39:54', '2023-08-23 10:39:54'),
	(612, 28, 'Zamora', '2023-08-23 10:39:54', '2023-08-23 10:39:54'),
	(613, 28, 'Cádiz', '2023-08-23 10:39:54', '2023-08-23 10:39:54'),
	(614, 28, 'Navarra', '2023-08-23 10:39:54', '2023-08-23 10:39:54'),
	(615, 28, 'Ourense', '2023-08-23 10:39:54', '2023-08-23 10:39:54'),
	(616, 28, 'Segovia', '2023-08-23 10:39:54', '2023-08-23 10:39:54'),
	(617, 28, 'Guip&uacute;zcoa', '2023-08-23 10:39:54', '2023-08-23 10:39:54'),
	(618, 28, 'Ciudad Real', '2023-08-23 10:39:54', '2023-08-23 10:39:54'),
	(619, 28, 'Vizcaya', '2023-08-23 10:39:55', '2023-08-23 10:39:55'),
	(620, 28, 'álava', '2023-08-23 10:39:55', '2023-08-23 10:39:55'),
	(621, 28, 'A Coruña', '2023-08-23 10:39:55', '2023-08-23 10:39:55'),
	(622, 28, 'Cantabria', '2023-08-23 10:39:55', '2023-08-23 10:39:55'),
	(623, 28, 'Almería', '2023-08-23 10:39:55', '2023-08-23 10:39:55'),
	(624, 28, 'Zaragoza', '2023-08-23 10:39:55', '2023-08-23 10:39:55'),
	(625, 28, 'Santa Cruz de Tenerife', '2023-08-23 10:39:55', '2023-08-23 10:39:55'),
	(626, 28, 'Cáceres', '2023-08-23 10:39:55', '2023-08-23 10:39:55'),
	(627, 28, 'Guadalajara', '2023-08-23 10:39:55', '2023-08-23 10:39:55'),
	(628, 28, 'ávila', '2023-08-23 10:39:55', '2023-08-23 10:39:55'),
	(629, 28, 'Toledo', '2023-08-23 10:39:55', '2023-08-23 10:39:55'),
	(630, 28, 'Castellón', '2023-08-23 10:39:55', '2023-08-23 10:39:55'),
	(631, 28, 'Tarragona', '2023-08-23 10:39:55', '2023-08-23 10:39:55'),
	(632, 28, 'Lugo', '2023-08-23 10:39:55', '2023-08-23 10:39:55'),
	(633, 28, 'La Rioja', '2023-08-23 10:39:55', '2023-08-23 10:39:55'),
	(634, 28, 'Ceuta', '2023-08-23 10:39:55', '2023-08-23 10:39:55'),
	(635, 28, 'Murcia', '2023-08-23 10:39:55', '2023-08-23 10:39:55'),
	(636, 28, 'Salamanca', '2023-08-23 10:39:55', '2023-08-23 10:39:55'),
	(637, 28, 'Valladolid', '2023-08-23 10:39:55', '2023-08-23 10:39:55'),
	(638, 28, 'Jaén', '2023-08-23 10:39:55', '2023-08-23 10:39:55'),
	(639, 28, 'Girona', '2023-08-23 10:39:55', '2023-08-23 10:39:55'),
	(640, 28, 'Granada', '2023-08-23 10:39:55', '2023-08-23 10:39:55'),
	(641, 28, 'Alacant', '2023-08-23 10:39:55', '2023-08-23 10:39:55'),
	(642, 28, 'Córdoba', '2023-08-23 10:39:55', '2023-08-23 10:39:55'),
	(643, 28, 'Albacete', '2023-08-23 10:39:55', '2023-08-23 10:39:55'),
	(644, 28, 'Cuenca', '2023-08-23 10:39:56', '2023-08-23 10:39:56'),
	(645, 28, 'Pontevedra', '2023-08-23 10:39:56', '2023-08-23 10:39:56'),
	(646, 28, 'Teruel', '2023-08-23 10:39:56', '2023-08-23 10:39:56'),
	(647, 28, 'Melilla', '2023-08-23 10:39:56', '2023-08-23 10:39:56'),
	(648, 28, 'Barcelona', '2023-08-23 10:39:56', '2023-08-23 10:39:56'),
	(649, 28, 'Badajoz', '2023-08-23 10:39:56', '2023-08-23 10:39:56'),
	(650, 28, 'Madrid', '2023-08-23 10:39:56', '2023-08-23 10:39:56'),
	(651, 28, 'Sevilla', '2023-08-23 10:39:56', '2023-08-23 10:39:56'),
	(652, 28, 'Val&egrave;ncia', '2023-08-23 10:39:56', '2023-08-23 10:39:56'),
	(653, 28, 'Huelva', '2023-08-23 10:39:56', '2023-08-23 10:39:56'),
	(654, 28, 'Lleida', '2023-08-23 10:39:56', '2023-08-23 10:39:56'),
	(655, 28, 'León', '2023-08-23 10:39:56', '2023-08-23 10:39:56'),
	(656, 28, 'Illes Balears', '2023-08-23 10:39:56', '2023-08-23 10:39:56'),
	(657, 28, 'Burgos', '2023-08-23 10:39:56', '2023-08-23 10:39:56'),
	(658, 28, 'Huesca', '2023-08-23 10:39:56', '2023-08-23 10:39:56'),
	(659, 28, 'Asturias', '2023-08-23 10:39:56', '2023-08-23 10:39:56'),
	(660, 28, 'Málaga', '2023-08-23 10:39:56', '2023-08-23 10:39:56'),
	(661, 144, 'Afghanistan', '2023-08-23 10:39:56', '2023-08-23 10:39:56'),
	(662, 210, 'Niger', '2023-08-23 10:39:56', '2023-08-23 10:39:56'),
	(663, 133, 'Mali', '2023-08-23 10:39:56', '2023-08-23 10:39:56'),
	(664, 156, 'Burkina Faso', '2023-08-23 10:39:56', '2023-08-23 10:39:56'),
	(665, 136, 'Togo', '2023-08-23 10:39:56', '2023-08-23 10:39:56'),
	(666, 151, 'Benin', '2023-08-23 10:39:56', '2023-08-23 10:39:56'),
	(667, 119, 'Angola', '2023-08-23 10:39:56', '2023-08-23 10:39:56'),
	(668, 102, 'Namibia', '2023-08-23 10:39:57', '2023-08-23 10:39:57'),
	(669, 100, 'Botswana', '2023-08-23 10:39:57', '2023-08-23 10:39:57'),
	(670, 134, 'Madagascar', '2023-08-23 10:39:57', '2023-08-23 10:39:57'),
	(671, 202, 'Mauritius', '2023-08-23 10:39:57', '2023-08-23 10:39:57'),
	(672, 196, 'Laos', '2023-08-23 10:39:57', '2023-08-23 10:39:57'),
	(673, 158, 'Cambodia', '2023-08-23 10:39:57', '2023-08-23 10:39:57'),
	(674, 90, 'Philippines', '2023-08-23 10:39:57', '2023-08-23 10:39:57'),
	(675, 88, 'Papua New Guinea', '2023-08-23 10:39:57', '2023-08-23 10:39:57'),
	(676, 228, 'Solomon Islands', '2023-08-23 10:39:57', '2023-08-23 10:39:57'),
	(677, 240, 'Vanuatu', '2023-08-23 10:39:57', '2023-08-23 10:39:57'),
	(678, 176, 'Fiji', '2023-08-23 10:39:57', '2023-08-23 10:39:57'),
	(679, 223, 'Samoa', '2023-08-23 10:39:57', '2023-08-23 10:39:57'),
	(680, 206, 'Nauru', '2023-08-23 10:39:57', '2023-08-23 10:39:57'),
	(681, 168, 'Cote D&#039;Ivoire', '2023-08-23 10:39:57', '2023-08-23 10:39:57'),
	(682, 198, 'Liberia', '2023-08-23 10:39:57', '2023-08-23 10:39:57'),
	(683, 187, 'Guinea', '2023-08-23 10:39:57', '2023-08-23 10:39:57'),
	(684, 189, 'Guyana', '2023-08-23 10:39:57', '2023-08-23 10:39:57'),
	(685, 98, 'Algeria', '2023-08-23 10:39:57', '2023-08-23 10:39:57'),
	(686, 147, 'Antigua and Barbuda', '2023-08-23 10:39:57', '2023-08-23 10:39:57'),
	(687, 127, 'Bahrain', '2023-08-23 10:39:57', '2023-08-23 10:39:57'),
	(688, 149, 'Bangladesh', '2023-08-23 10:39:57', '2023-08-23 10:39:57'),
	(689, 128, 'Barbados', '2023-08-23 10:39:57', '2023-08-23 10:39:57'),
	(690, 152, 'Bhutan', '2023-08-23 10:39:57', '2023-08-23 10:39:57'),
	(691, 155, 'Brunei', '2023-08-23 10:39:58', '2023-08-23 10:39:58'),
	(692, 157, 'Burundi', '2023-08-23 10:39:58', '2023-08-23 10:39:58'),
	(693, 159, 'Cape Verde', '2023-08-23 10:39:58', '2023-08-23 10:39:58'),
	(694, 130, 'Chad', '2023-08-23 10:39:58', '2023-08-23 10:39:58'),
	(695, 164, 'Comoros', '2023-08-23 10:39:58', '2023-08-23 10:39:58'),
	(696, 112, 'Congo Brazzaville)', '2023-08-23 10:39:58', '2023-08-23 10:39:58'),
	(697, 169, 'Djibouti', '2023-08-23 10:39:58', '2023-08-23 10:39:58'),
	(698, 171, 'East Timor', '2023-08-23 10:39:58', '2023-08-23 10:39:58'),
	(699, 173, 'Eritrea', '2023-08-23 10:39:58', '2023-08-23 10:39:58'),
	(700, 121, 'Ethiopia', '2023-08-23 10:39:58', '2023-08-23 10:39:58'),
	(701, 180, 'Gabon', '2023-08-23 10:39:58', '2023-08-23 10:39:58'),
	(702, 181, 'Gambia', '2023-08-23 10:39:58', '2023-08-23 10:39:58'),
	(703, 105, 'Ghana', '2023-08-23 10:39:58', '2023-08-23 10:39:58'),
	(704, 197, 'Lesotho', '2023-08-23 10:39:58', '2023-08-23 10:39:58'),
	(705, 125, 'Malawi', '2023-08-23 10:39:58', '2023-08-23 10:39:58'),
	(706, 200, 'Maldives', '2023-08-23 10:39:58', '2023-08-23 10:39:58'),
	(707, 205, 'Myanmar Burma)', '2023-08-23 10:39:58', '2023-08-23 10:39:58'),
	(708, 107, 'Nepal', '2023-08-23 10:39:58', '2023-08-23 10:39:58'),
	(709, 213, 'Oman', '2023-08-23 10:39:58', '2023-08-23 10:39:58'),
	(710, 217, 'Rwanda', '2023-08-23 10:39:58', '2023-08-23 10:39:58'),
	(711, 91, 'Saudi Arabia', '2023-08-23 10:39:58', '2023-08-23 10:39:58'),
	(712, 120, 'Sri Lanka', '2023-08-23 10:39:58', '2023-08-23 10:39:58'),
	(713, 232, 'Sudan', '2023-08-23 10:39:58', '2023-08-23 10:39:58'),
	(714, 234, 'Swaziland', '2023-08-23 10:39:58', '2023-08-23 10:39:58'),
	(715, 101, 'Tanzania', '2023-08-23 10:39:58', '2023-08-23 10:39:58'),
	(716, 236, 'Tonga', '2023-08-23 10:39:59', '2023-08-23 10:39:59'),
	(717, 239, 'Tuvalu', '2023-08-23 10:39:59', '2023-08-23 10:39:59'),
	(718, 242, 'Western Sahara', '2023-08-23 10:39:59', '2023-08-23 10:39:59'),
	(719, 243, 'Yemen', '2023-08-23 10:39:59', '2023-08-23 10:39:59'),
	(720, 116, 'Zambia', '2023-08-23 10:39:59', '2023-08-23 10:39:59'),
	(721, 96, 'Zimbabwe', '2023-08-23 10:39:59', '2023-08-23 10:39:59'),
	(722, 66, 'Aargau', '2023-08-23 10:39:59', '2023-08-23 10:39:59'),
	(723, 66, 'Appenzell Innerrhoden', '2023-08-23 10:39:59', '2023-08-23 10:39:59'),
	(724, 66, 'Appenzell Ausserrhoden', '2023-08-23 10:39:59', '2023-08-23 10:39:59'),
	(725, 66, 'Bern', '2023-08-23 10:39:59', '2023-08-23 10:39:59'),
	(726, 66, 'Basel-Landschaft', '2023-08-23 10:39:59', '2023-08-23 10:39:59'),
	(727, 66, 'Basel-Stadt', '2023-08-23 10:39:59', '2023-08-23 10:39:59'),
	(728, 66, 'Fribourg', '2023-08-23 10:39:59', '2023-08-23 10:39:59'),
	(729, 66, 'Gen&egrave;ve', '2023-08-23 10:39:59', '2023-08-23 10:39:59'),
	(730, 66, 'Glarus', '2023-08-23 10:39:59', '2023-08-23 10:39:59'),
	(731, 66, 'Graubünden', '2023-08-23 10:39:59', '2023-08-23 10:39:59'),
	(732, 66, 'Jura', '2023-08-23 10:39:59', '2023-08-23 10:39:59'),
	(733, 66, 'Luzern', '2023-08-23 10:40:00', '2023-08-23 10:40:00'),
	(734, 66, 'Neuch&acirc;tel', '2023-08-23 10:40:00', '2023-08-23 10:40:00'),
	(735, 66, 'Nidwalden', '2023-08-23 10:40:00', '2023-08-23 10:40:00'),
	(736, 66, 'Obwalden', '2023-08-23 10:40:00', '2023-08-23 10:40:00'),
	(737, 66, 'Sankt Gallen', '2023-08-23 10:40:00', '2023-08-23 10:40:00'),
	(738, 66, 'Schaffhausen', '2023-08-23 10:40:00', '2023-08-23 10:40:00'),
	(739, 66, 'Solothurn', '2023-08-23 10:40:00', '2023-08-23 10:40:00'),
	(740, 66, 'Schwyz', '2023-08-23 10:40:00', '2023-08-23 10:40:00'),
	(741, 66, 'Thurgau', '2023-08-23 10:40:00', '2023-08-23 10:40:00'),
	(742, 66, 'Ticino', '2023-08-23 10:40:00', '2023-08-23 10:40:00'),
	(743, 66, 'Uri', '2023-08-23 10:40:00', '2023-08-23 10:40:00'),
	(744, 66, 'Vaud', '2023-08-23 10:40:00', '2023-08-23 10:40:00'),
	(745, 66, 'Valais', '2023-08-23 10:40:00', '2023-08-23 10:40:00'),
	(746, 66, 'Zug', '2023-08-23 10:40:00', '2023-08-23 10:40:00'),
	(747, 66, 'Zürich', '2023-08-23 10:40:00', '2023-08-23 10:40:00'),
	(749, 48, 'Aveiro', '2023-08-23 10:40:00', '2023-08-23 10:40:00'),
	(750, 48, 'Beja', '2023-08-23 10:40:00', '2023-08-23 10:40:00'),
	(751, 48, 'Braga', '2023-08-23 10:40:00', '2023-08-23 10:40:00'),
	(752, 48, 'Braganca', '2023-08-23 10:40:00', '2023-08-23 10:40:00'),
	(753, 48, 'Castelo Branco', '2023-08-23 10:40:00', '2023-08-23 10:40:00'),
	(754, 48, 'Coimbra', '2023-08-23 10:40:00', '2023-08-23 10:40:00'),
	(755, 48, 'Evora', '2023-08-23 10:40:00', '2023-08-23 10:40:00'),
	(756, 48, 'Faro', '2023-08-23 10:40:00', '2023-08-23 10:40:00'),
	(757, 48, 'Madeira', '2023-08-23 10:40:00', '2023-08-23 10:40:00'),
	(758, 48, 'Guarda', '2023-08-23 10:40:00', '2023-08-23 10:40:00'),
	(759, 48, 'Leiria', '2023-08-23 10:40:01', '2023-08-23 10:40:01'),
	(760, 48, 'Lisboa', '2023-08-23 10:40:01', '2023-08-23 10:40:01'),
	(761, 48, 'Portalegre', '2023-08-23 10:40:01', '2023-08-23 10:40:01'),
	(762, 48, 'Porto', '2023-08-23 10:40:01', '2023-08-23 10:40:01'),
	(763, 48, 'Santarem', '2023-08-23 10:40:01', '2023-08-23 10:40:01'),
	(764, 48, 'Setubal', '2023-08-23 10:40:01', '2023-08-23 10:40:01'),
	(765, 48, 'Viana do Castelo', '2023-08-23 10:40:01', '2023-08-23 10:40:01'),
	(766, 48, 'Vila Real', '2023-08-23 10:40:01', '2023-08-23 10:40:01'),
	(767, 48, 'Viseu', '2023-08-23 10:40:01', '2023-08-23 10:40:01'),
	(768, 48, 'Azores', '2023-08-23 10:40:01', '2023-08-23 10:40:01'),
	(769, 55, 'Armed Forces Americas', '2023-08-23 10:40:01', '2023-08-23 10:40:01'),
	(770, 55, 'Armed Forces Europe', '2023-08-23 10:40:01', '2023-08-23 10:40:01'),
	(771, 55, 'Alaska', '2023-08-23 10:40:01', '2023-08-23 10:40:01'),
	(772, 55, 'Alabama', '2023-08-23 10:40:01', '2023-08-23 10:40:01'),
	(773, 55, 'Armed Forces Pacific', '2023-08-23 10:40:01', '2023-08-23 10:40:01'),
	(774, 55, 'Arkansas', '2023-08-23 10:40:01', '2023-08-23 10:40:01'),
	(775, 55, 'American Samoa', '2023-08-23 10:40:01', '2023-08-23 10:40:01'),
	(776, 55, 'Arizona', '2023-08-23 10:40:01', '2023-08-23 10:40:01'),
	(777, 55, 'California', '2023-08-23 10:40:01', '2023-08-23 10:40:01'),
	(778, 55, 'Colorado', '2023-08-23 10:40:01', '2023-08-23 10:40:01'),
	(779, 55, 'Connecticut', '2023-08-23 10:40:01', '2023-08-23 10:40:01'),
	(780, 55, 'District of Columbia', '2023-08-23 10:40:01', '2023-08-23 10:40:01'),
	(781, 55, 'Delaware', '2023-08-23 10:40:01', '2023-08-23 10:40:01'),
	(782, 55, 'Florida', '2023-08-23 10:40:02', '2023-08-23 10:40:02'),
	(783, 55, 'Federated States of Micronesia', '2023-08-23 10:40:02', '2023-08-23 10:40:02'),
	(784, 55, 'Georgia', '2023-08-23 10:40:02', '2023-08-23 10:40:02'),
	(786, 55, 'Hawaii', '2023-08-23 10:40:02', '2023-08-23 10:40:02'),
	(787, 55, 'Iowa', '2023-08-23 10:40:02', '2023-08-23 10:40:02'),
	(788, 55, 'Idaho', '2023-08-23 10:40:02', '2023-08-23 10:40:02'),
	(789, 55, 'Illinois', '2023-08-23 10:40:02', '2023-08-23 10:40:02'),
	(790, 55, 'Indiana', '2023-08-23 10:40:02', '2023-08-23 10:40:02'),
	(791, 55, 'Kansas', '2023-08-23 10:40:02', '2023-08-23 10:40:02'),
	(792, 55, 'Kentucky', '2023-08-23 10:40:02', '2023-08-23 10:40:02'),
	(793, 55, 'Louisiana', '2023-08-23 10:40:02', '2023-08-23 10:40:02'),
	(794, 55, 'Massachusetts', '2023-08-23 10:40:02', '2023-08-23 10:40:02'),
	(795, 55, 'Maryland', '2023-08-23 10:40:02', '2023-08-23 10:40:02'),
	(796, 55, 'Maine', '2023-08-23 10:40:02', '2023-08-23 10:40:02'),
	(797, 55, 'Marshall Islands', '2023-08-23 10:40:02', '2023-08-23 10:40:02'),
	(798, 55, 'Michigan', '2023-08-23 10:40:02', '2023-08-23 10:40:02'),
	(799, 55, 'Minnesota', '2023-08-23 10:40:02', '2023-08-23 10:40:02'),
	(800, 55, 'Missouri', '2023-08-23 10:40:02', '2023-08-23 10:40:02'),
	(801, 55, 'Northern Mariana Islands', '2023-08-23 10:40:02', '2023-08-23 10:40:02'),
	(802, 55, 'Mississippi', '2023-08-23 10:40:02', '2023-08-23 10:40:02'),
	(803, 55, 'Montana', '2023-08-23 10:40:02', '2023-08-23 10:40:02'),
	(804, 55, 'North Carolina', '2023-08-23 10:40:02', '2023-08-23 10:40:02'),
	(805, 55, 'North Dakota', '2023-08-23 10:40:02', '2023-08-23 10:40:02'),
	(806, 55, 'Nebraska', '2023-08-23 10:40:02', '2023-08-23 10:40:02'),
	(807, 55, 'New Hampshire', '2023-08-23 10:40:02', '2023-08-23 10:40:02'),
	(808, 55, 'New Jersey', '2023-08-23 10:40:02', '2023-08-23 10:40:02'),
	(809, 55, 'New Mexico', '2023-08-23 10:40:03', '2023-08-23 10:40:03'),
	(810, 55, 'Nevada', '2023-08-23 10:40:03', '2023-08-23 10:40:03'),
	(811, 55, 'New York', '2023-08-23 10:40:03', '2023-08-23 10:40:03'),
	(812, 55, 'Ohio', '2023-08-23 10:40:03', '2023-08-23 10:40:03'),
	(813, 55, 'Oklahoma', '2023-08-23 10:40:03', '2023-08-23 10:40:03'),
	(814, 55, 'Oregon', '2023-08-23 10:40:03', '2023-08-23 10:40:03'),
	(815, 55, 'Pennsylvania', '2023-08-23 10:40:03', '2023-08-23 10:40:03'),
	(816, 246, 'Puerto Rico', '2023-08-23 10:40:03', '2023-08-23 10:40:03'),
	(817, 55, 'Palau', '2023-08-23 10:40:03', '2023-08-23 10:40:03'),
	(818, 55, 'Rhode Island', '2023-08-23 10:40:03', '2023-08-23 10:40:03'),
	(819, 55, 'South Carolina', '2023-08-23 10:40:03', '2023-08-23 10:40:03'),
	(820, 55, 'South Dakota', '2023-08-23 10:40:03', '2023-08-23 10:40:03'),
	(821, 55, 'Tennessee', '2023-08-23 10:40:03', '2023-08-23 10:40:03'),
	(822, 55, 'Texas', '2023-08-23 10:40:03', '2023-08-23 10:40:03'),
	(823, 55, 'Utah', '2023-08-23 10:40:03', '2023-08-23 10:40:03'),
	(824, 55, 'Virginia', '2023-08-23 10:40:03', '2023-08-23 10:40:03'),
	(825, 55, 'Virgin Islands', '2023-08-23 10:40:03', '2023-08-23 10:40:03'),
	(826, 55, 'Vermont', '2023-08-23 10:40:03', '2023-08-23 10:40:03'),
	(827, 55, 'Washington', '2023-08-23 10:40:03', '2023-08-23 10:40:03'),
	(828, 55, 'West Virginia', '2023-08-23 10:40:03', '2023-08-23 10:40:03'),
	(829, 55, 'Wisconsin', '2023-08-23 10:40:03', '2023-08-23 10:40:03'),
	(830, 55, 'Wyoming', '2023-08-23 10:40:03', '2023-08-23 10:40:03'),
	(831, 94, 'Greenland', '2023-08-23 10:40:03', '2023-08-23 10:40:03'),
	(832, 18, 'Brandenburg', '2023-08-23 10:40:03', '2023-08-23 10:40:03'),
	(833, 18, 'Baden-Württemberg', '2023-08-23 10:40:03', '2023-08-23 10:40:03'),
	(834, 18, 'Bayern', '2023-08-23 10:40:04', '2023-08-23 10:40:04'),
	(835, 18, 'Hessen', '2023-08-23 10:40:04', '2023-08-23 10:40:04'),
	(836, 18, 'Hamburg', '2023-08-23 10:40:04', '2023-08-23 10:40:04'),
	(837, 18, 'Mecklenburg-Vorpommern', '2023-08-23 10:40:04', '2023-08-23 10:40:04'),
	(838, 18, 'Niedersachsen', '2023-08-23 10:40:04', '2023-08-23 10:40:04'),
	(839, 18, 'Nordrhein-Westfalen', '2023-08-23 10:40:04', '2023-08-23 10:40:04'),
	(840, 18, 'Rheinland-Pfalz', '2023-08-23 10:40:04', '2023-08-23 10:40:04'),
	(841, 18, 'Schleswig-Holstein', '2023-08-23 10:40:04', '2023-08-23 10:40:04'),
	(842, 18, 'Sachsen', '2023-08-23 10:40:04', '2023-08-23 10:40:04'),
	(843, 18, 'Sachsen-Anhalt', '2023-08-23 10:40:04', '2023-08-23 10:40:04'),
	(844, 18, 'Thüringen', '2023-08-23 10:40:04', '2023-08-23 10:40:04'),
	(845, 18, 'Berlin', '2023-08-23 10:40:04', '2023-08-23 10:40:04'),
	(846, 18, 'Bremen', '2023-08-23 10:40:04', '2023-08-23 10:40:04'),
	(847, 18, 'Saarland', '2023-08-23 10:40:04', '2023-08-23 10:40:04'),
	(848, 13, 'Scotland North', '2023-08-23 10:40:04', '2023-08-23 10:40:04'),
	(849, 13, 'England - East', '2023-08-23 10:40:04', '2023-08-23 10:40:04'),
	(850, 13, 'England - West Midlands', '2023-08-23 10:40:04', '2023-08-23 10:40:04'),
	(851, 13, 'England - South West', '2023-08-23 10:40:04', '2023-08-23 10:40:04'),
	(852, 13, 'England - North West', '2023-08-23 10:40:04', '2023-08-23 10:40:04'),
	(853, 13, 'England - Yorks &amp; Humber', '2023-08-23 10:40:04', '2023-08-23 10:40:04'),
	(854, 13, 'England - South East', '2023-08-23 10:40:04', '2023-08-23 10:40:04'),
	(855, 13, 'England - London', '2023-08-23 10:40:04', '2023-08-23 10:40:04'),
	(856, 13, 'Northern Ireland', '2023-08-23 10:40:04', '2023-08-23 10:40:04'),
	(857, 13, 'England - North East', '2023-08-23 10:40:04', '2023-08-23 10:40:04'),
	(858, 13, 'Wales South', '2023-08-23 10:40:04', '2023-08-23 10:40:04'),
	(859, 13, 'Wales North', '2023-08-23 10:40:05', '2023-08-23 10:40:05'),
	(860, 13, 'England - East Midlands', '2023-08-23 10:40:05', '2023-08-23 10:40:05'),
	(861, 13, 'Scotland Central', '2023-08-23 10:40:05', '2023-08-23 10:40:05'),
	(862, 13, 'Scotland South', '2023-08-23 10:40:05', '2023-08-23 10:40:05'),
	(863, 13, 'Channel Islands', '2023-08-23 10:40:05', '2023-08-23 10:40:05'),
	(864, 13, 'Isle of Man', '2023-08-23 10:40:05', '2023-08-23 10:40:05'),
	(865, 2, 'Burgenland', '2023-08-23 10:40:05', '2023-08-23 10:40:05'),
	(866, 2, 'Kärnten', '2023-08-23 10:40:05', '2023-08-23 10:40:05'),
	(867, 2, 'Niederösterreich', '2023-08-23 10:40:05', '2023-08-23 10:40:05'),
	(868, 2, 'Oberösterreich', '2023-08-23 10:40:05', '2023-08-23 10:40:05'),
	(869, 2, 'Salzburg', '2023-08-23 10:40:05', '2023-08-23 10:40:05'),
	(870, 2, 'Steiermark', '2023-08-23 10:40:05', '2023-08-23 10:40:05'),
	(871, 2, 'Tirol', '2023-08-23 10:40:05', '2023-08-23 10:40:05'),
	(872, 2, 'Vorarlberg', '2023-08-23 10:40:05', '2023-08-23 10:40:05'),
	(873, 2, 'Wien', '2023-08-23 10:40:05', '2023-08-23 10:40:05'),
	(874, 9, 'Bruxelles', '2023-08-23 10:40:05', '2023-08-23 10:40:05'),
	(875, 9, 'West-Vlaanderen', '2023-08-23 10:40:05', '2023-08-23 10:40:05'),
	(876, 9, 'Oost-Vlaanderen', '2023-08-23 10:40:05', '2023-08-23 10:40:05'),
	(877, 9, 'Limburg', '2023-08-23 10:40:05', '2023-08-23 10:40:05'),
	(878, 9, 'Vlaams Brabant', '2023-08-23 10:40:05', '2023-08-23 10:40:05'),
	(879, 9, 'Antwerpen', '2023-08-23 10:40:05', '2023-08-23 10:40:05'),
	(880, 9, 'LiÄge', '2023-08-23 10:40:05', '2023-08-23 10:40:05'),
	(881, 9, 'Namur', '2023-08-23 10:40:05', '2023-08-23 10:40:05'),
	(882, 9, 'Hainaut', '2023-08-23 10:40:05', '2023-08-23 10:40:05'),
	(883, 9, 'Luxembourg', '2023-08-23 10:40:06', '2023-08-23 10:40:06'),
	(884, 9, 'Brabant Wallon', '2023-08-23 10:40:06', '2023-08-23 10:40:06'),
	(887, 67, 'Blekinge Lan', '2023-08-23 10:40:06', '2023-08-23 10:40:06'),
	(888, 67, 'Gavleborgs Lan', '2023-08-23 10:40:06', '2023-08-23 10:40:06'),
	(890, 67, 'Gotlands Lan', '2023-08-23 10:40:06', '2023-08-23 10:40:06'),
	(891, 67, 'Hallands Lan', '2023-08-23 10:40:06', '2023-08-23 10:40:06'),
	(892, 67, 'Jamtlands Lan', '2023-08-23 10:40:06', '2023-08-23 10:40:06'),
	(893, 67, 'Jonkopings Lan', '2023-08-23 10:40:06', '2023-08-23 10:40:06'),
	(894, 67, 'Kalmar Lan', '2023-08-23 10:40:06', '2023-08-23 10:40:06'),
	(895, 67, 'Dalarnas Lan', '2023-08-23 10:40:06', '2023-08-23 10:40:06'),
	(897, 67, 'Kronobergs Lan', '2023-08-23 10:40:06', '2023-08-23 10:40:06'),
	(899, 67, 'Norrbottens Lan', '2023-08-23 10:40:06', '2023-08-23 10:40:06'),
	(900, 67, 'Orebro Lan', '2023-08-23 10:40:06', '2023-08-23 10:40:06'),
	(901, 67, 'Ostergotlands Lan', '2023-08-23 10:40:06', '2023-08-23 10:40:06'),
	(903, 67, 'Sodermanlands Lan', '2023-08-23 10:40:06', '2023-08-23 10:40:06'),
	(904, 67, 'Uppsala Lan', '2023-08-23 10:40:06', '2023-08-23 10:40:06'),
	(905, 67, 'Varmlands Lan', '2023-08-23 10:40:06', '2023-08-23 10:40:06'),
	(906, 67, 'Vasterbottens Lan', '2023-08-23 10:40:07', '2023-08-23 10:40:07'),
	(907, 67, 'Vasternorrlands Lan', '2023-08-23 10:40:07', '2023-08-23 10:40:07'),
	(908, 67, 'Vastmanlands Lan', '2023-08-23 10:40:07', '2023-08-23 10:40:07'),
	(909, 67, 'Stockholms Lan', '2023-08-23 10:40:07', '2023-08-23 10:40:07'),
	(910, 67, 'Skane Lan', '2023-08-23 10:40:07', '2023-08-23 10:40:07'),
	(911, 67, 'Vastra Gotaland', '2023-08-23 10:40:07', '2023-08-23 10:40:07'),
	(913, 46, 'Akershus', '2023-08-23 10:40:07', '2023-08-23 10:40:07'),
	(914, 46, 'Aust-Agder', '2023-08-23 10:40:07', '2023-08-23 10:40:07'),
	(915, 46, 'Buskerud', '2023-08-23 10:40:07', '2023-08-23 10:40:07'),
	(916, 46, 'Finnmark', '2023-08-23 10:40:07', '2023-08-23 10:40:07'),
	(917, 46, 'Hedmark', '2023-08-23 10:40:07', '2023-08-23 10:40:07'),
	(918, 46, 'Hordaland', '2023-08-23 10:40:07', '2023-08-23 10:40:07'),
	(919, 46, 'More og Romsdal', '2023-08-23 10:40:07', '2023-08-23 10:40:07'),
	(920, 46, 'Nordland', '2023-08-23 10:40:07', '2023-08-23 10:40:07'),
	(921, 46, 'Nord-Trondelag', '2023-08-23 10:40:07', '2023-08-23 10:40:07'),
	(922, 46, 'Oppland', '2023-08-23 10:40:07', '2023-08-23 10:40:07'),
	(923, 46, 'Oslo', '2023-08-23 10:40:07', '2023-08-23 10:40:07'),
	(924, 46, 'Ostfold', '2023-08-23 10:40:07', '2023-08-23 10:40:07'),
	(925, 46, 'Rogaland', '2023-08-23 10:40:07', '2023-08-23 10:40:07'),
	(926, 46, 'Sogn og Fjordane', '2023-08-23 10:40:07', '2023-08-23 10:40:07'),
	(927, 46, 'Sor-Trondelag', '2023-08-23 10:40:07', '2023-08-23 10:40:07'),
	(928, 46, 'Telemark', '2023-08-23 10:40:07', '2023-08-23 10:40:07'),
	(929, 46, 'Troms', '2023-08-23 10:40:07', '2023-08-23 10:40:07'),
	(930, 46, 'Vest-Agder', '2023-08-23 10:40:07', '2023-08-23 10:40:07'),
	(931, 46, 'Vestfold', '2023-08-23 10:40:08', '2023-08-23 10:40:08'),
	(933, 63, '&ETH;&bull;land', '2023-08-23 10:40:08', '2023-08-23 10:40:08'),
	(934, 63, 'Lapland', '2023-08-23 10:40:08', '2023-08-23 10:40:08'),
	(935, 63, 'Oulu', '2023-08-23 10:40:08', '2023-08-23 10:40:08'),
	(936, 63, 'Southern Finland', '2023-08-23 10:40:08', '2023-08-23 10:40:08'),
	(937, 63, 'Eastern Finland', '2023-08-23 10:40:08', '2023-08-23 10:40:08'),
	(938, 63, 'Western Finland', '2023-08-23 10:40:08', '2023-08-23 10:40:08'),
	(940, 22, 'Arhus', '2023-08-23 10:40:08', '2023-08-23 10:40:08'),
	(941, 22, 'Bornholm', '2023-08-23 10:40:08', '2023-08-23 10:40:08'),
	(942, 22, 'Frederiksborg', '2023-08-23 10:40:08', '2023-08-23 10:40:08'),
	(943, 22, 'Fyn', '2023-08-23 10:40:08', '2023-08-23 10:40:08'),
	(944, 22, 'Kobenhavn', '2023-08-23 10:40:08', '2023-08-23 10:40:08'),
	(945, 22, 'Staden Kobenhavn', '2023-08-23 10:40:08', '2023-08-23 10:40:08'),
	(946, 22, 'Nordjylland', '2023-08-23 10:40:08', '2023-08-23 10:40:08'),
	(947, 22, 'Ribe', '2023-08-23 10:40:08', '2023-08-23 10:40:08'),
	(948, 22, 'Ringkobing', '2023-08-23 10:40:08', '2023-08-23 10:40:08'),
	(949, 22, 'Roskilde', '2023-08-23 10:40:08', '2023-08-23 10:40:08'),
	(950, 22, 'Sonderjylland', '2023-08-23 10:40:08', '2023-08-23 10:40:08'),
	(951, 22, 'Storstrom', '2023-08-23 10:40:08', '2023-08-23 10:40:08'),
	(952, 22, 'Vejle', '2023-08-23 10:40:08', '2023-08-23 10:40:08'),
	(953, 22, 'Vestsjalland', '2023-08-23 10:40:08', '2023-08-23 10:40:08'),
	(954, 22, 'Viborg', '2023-08-23 10:40:08', '2023-08-23 10:40:08'),
	(956, 65, 'Hlavni Mesto Praha', '2023-08-23 10:40:08', '2023-08-23 10:40:08'),
	(957, 65, 'Jihomoravsky Kraj', '2023-08-23 10:40:08', '2023-08-23 10:40:08'),
	(958, 65, 'Jihocesky Kraj', '2023-08-23 10:40:08', '2023-08-23 10:40:08'),
	(959, 65, 'Vysocina', '2023-08-23 10:40:08', '2023-08-23 10:40:08'),
	(960, 65, 'Karlovarsky Kraj', '2023-08-23 10:40:08', '2023-08-23 10:40:08'),
	(961, 65, 'Kralovehradecky Kraj', '2023-08-23 10:40:08', '2023-08-23 10:40:08'),
	(962, 65, 'Liberecky Kraj', '2023-08-23 10:40:08', '2023-08-23 10:40:08'),
	(963, 65, 'Olomoucky Kraj', '2023-08-23 10:40:09', '2023-08-23 10:40:09'),
	(964, 65, 'Moravskoslezsky Kraj', '2023-08-23 10:40:09', '2023-08-23 10:40:09'),
	(965, 65, 'Pardubicky Kraj', '2023-08-23 10:40:09', '2023-08-23 10:40:09'),
	(966, 65, 'Plzensky Kraj', '2023-08-23 10:40:09', '2023-08-23 10:40:09'),
	(967, 65, 'Stredocesky Kraj', '2023-08-23 10:40:09', '2023-08-23 10:40:09'),
	(968, 65, 'Ustecky Kraj', '2023-08-23 10:40:09', '2023-08-23 10:40:09'),
	(969, 65, 'Zlinsky Kraj', '2023-08-23 10:40:09', '2023-08-23 10:40:09'),
	(971, 114, 'Berat', '2023-08-23 10:40:09', '2023-08-23 10:40:09'),
	(972, 114, 'Diber', '2023-08-23 10:40:09', '2023-08-23 10:40:09'),
	(973, 114, 'Durres', '2023-08-23 10:40:09', '2023-08-23 10:40:09'),
	(974, 114, 'Elbasan', '2023-08-23 10:40:09', '2023-08-23 10:40:09'),
	(975, 114, 'Fier', '2023-08-23 10:40:09', '2023-08-23 10:40:09'),
	(976, 114, 'Gjirokaster', '2023-08-23 10:40:09', '2023-08-23 10:40:09'),
	(977, 114, 'Korce', '2023-08-23 10:40:09', '2023-08-23 10:40:09'),
	(978, 114, 'Kukes', '2023-08-23 10:40:09', '2023-08-23 10:40:09'),
	(979, 114, 'Lezhe', '2023-08-23 10:40:09', '2023-08-23 10:40:09'),
	(980, 114, 'Shkoder', '2023-08-23 10:40:09', '2023-08-23 10:40:09'),
	(981, 114, 'Tirane', '2023-08-23 10:40:09', '2023-08-23 10:40:09'),
	(982, 114, 'Vlore', '2023-08-23 10:40:09', '2023-08-23 10:40:09'),
	(984, 145, 'Canillo', '2023-08-23 10:40:09', '2023-08-23 10:40:09'),
	(985, 145, 'Encamp', '2023-08-23 10:40:09', '2023-08-23 10:40:09'),
	(986, 145, 'La Massana', '2023-08-23 10:40:09', '2023-08-23 10:40:09'),
	(987, 145, 'Ordino', '2023-08-23 10:40:09', '2023-08-23 10:40:09'),
	(988, 145, 'Sant Julia de Loria', '2023-08-23 10:40:09', '2023-08-23 10:40:09'),
	(989, 145, 'Andorra la Vella', '2023-08-23 10:40:09', '2023-08-23 10:40:09'),
	(990, 145, 'Escaldes-Engordany', '2023-08-23 10:40:09', '2023-08-23 10:40:09'),
	(992, 6, 'Aragatsotn', '2023-08-23 10:40:09', '2023-08-23 10:40:09'),
	(993, 6, 'Ararat', '2023-08-23 10:40:09', '2023-08-23 10:40:09'),
	(994, 6, 'Armavir', '2023-08-23 10:40:09', '2023-08-23 10:40:09'),
	(995, 6, 'Geghark&#039;unik&#039;', '2023-08-23 10:40:09', '2023-08-23 10:40:09'),
	(996, 6, 'Kotayk&#039;', '2023-08-23 10:40:09', '2023-08-23 10:40:09'),
	(997, 6, 'Lorri', '2023-08-23 10:40:10', '2023-08-23 10:40:10'),
	(998, 6, 'Shirak', '2023-08-23 10:40:10', '2023-08-23 10:40:10'),
	(999, 6, 'Syunik&#039;', '2023-08-23 10:40:10', '2023-08-23 10:40:10'),
	(1000, 6, 'Tavush', '2023-08-23 10:40:10', '2023-08-23 10:40:10'),
	(1001, 6, 'Vayots&#039; Dzor', '2023-08-23 10:40:10', '2023-08-23 10:40:10'),
	(1002, 6, 'Yerevan', '2023-08-23 10:40:10', '2023-08-23 10:40:10'),
	(1004, 79, 'Federation of Bosnia and Herzegovina', '2023-08-23 10:40:10', '2023-08-23 10:40:10'),
	(1005, 79, 'Republika Srpska', '2023-08-23 10:40:10', '2023-08-23 10:40:10'),
	(1007, 11, 'Mikhaylovgrad', '2023-08-23 10:40:10', '2023-08-23 10:40:10'),
	(1008, 11, 'Blagoevgrad', '2023-08-23 10:40:10', '2023-08-23 10:40:10'),
	(1009, 11, 'Burgas', '2023-08-23 10:40:10', '2023-08-23 10:40:10'),
	(1010, 11, 'Dobrich', '2023-08-23 10:40:10', '2023-08-23 10:40:10'),
	(1011, 11, 'Gabrovo', '2023-08-23 10:40:10', '2023-08-23 10:40:10'),
	(1012, 11, 'Grad Sofiya', '2023-08-23 10:40:10', '2023-08-23 10:40:10'),
	(1013, 11, 'Khaskovo', '2023-08-23 10:40:10', '2023-08-23 10:40:10'),
	(1014, 11, 'Kurdzhali', '2023-08-23 10:40:10', '2023-08-23 10:40:10'),
	(1015, 11, 'Kyustendil', '2023-08-23 10:40:10', '2023-08-23 10:40:10'),
	(1016, 11, 'Lovech', '2023-08-23 10:40:10', '2023-08-23 10:40:10'),
	(1017, 11, 'Montana', '2023-08-23 10:40:10', '2023-08-23 10:40:10'),
	(1018, 11, 'Pazardzhik', '2023-08-23 10:40:10', '2023-08-23 10:40:10'),
	(1019, 11, 'Pernik', '2023-08-23 10:40:10', '2023-08-23 10:40:10'),
	(1020, 11, 'Pleven', '2023-08-23 10:40:10', '2023-08-23 10:40:10'),
	(1021, 11, 'Plovdiv', '2023-08-23 10:40:10', '2023-08-23 10:40:10'),
	(1022, 11, 'Razgrad', '2023-08-23 10:40:10', '2023-08-23 10:40:10'),
	(1023, 11, 'Ruse', '2023-08-23 10:40:10', '2023-08-23 10:40:10'),
	(1024, 11, 'Shumen', '2023-08-23 10:40:10', '2023-08-23 10:40:10'),
	(1025, 11, 'Silistra', '2023-08-23 10:40:10', '2023-08-23 10:40:10'),
	(1026, 11, 'Sliven', '2023-08-23 10:40:10', '2023-08-23 10:40:10'),
	(1027, 11, 'Smolyan', '2023-08-23 10:40:10', '2023-08-23 10:40:10'),
	(1028, 11, 'Sofiya', '2023-08-23 10:40:10', '2023-08-23 10:40:10'),
	(1029, 11, 'Stara Zagora', '2023-08-23 10:40:10', '2023-08-23 10:40:10'),
	(1030, 11, 'Turgovishte', '2023-08-23 10:40:11', '2023-08-23 10:40:11'),
	(1031, 11, 'Varna', '2023-08-23 10:40:11', '2023-08-23 10:40:11'),
	(1032, 11, 'Veliko Turnovo', '2023-08-23 10:40:11', '2023-08-23 10:40:11'),
	(1033, 11, 'Vidin', '2023-08-23 10:40:11', '2023-08-23 10:40:11'),
	(1034, 11, 'Vratsa', '2023-08-23 10:40:11', '2023-08-23 10:40:11'),
	(1035, 11, 'Yambol', '2023-08-23 10:40:11', '2023-08-23 10:40:11'),
	(1037, 71, 'Bjelovarsko-Bilogorska', '2023-08-23 10:40:11', '2023-08-23 10:40:11'),
	(1038, 71, 'Brodsko-Posavska', '2023-08-23 10:40:11', '2023-08-23 10:40:11'),
	(1039, 71, 'Dubrovacko-Neretvanska', '2023-08-23 10:40:11', '2023-08-23 10:40:11'),
	(1040, 71, 'Istarska', '2023-08-23 10:40:11', '2023-08-23 10:40:11'),
	(1041, 71, 'Karlovacka', '2023-08-23 10:40:11', '2023-08-23 10:40:11'),
	(1042, 71, 'Koprivnicko-Krizevacka', '2023-08-23 10:40:11', '2023-08-23 10:40:11'),
	(1043, 71, 'Krapinsko-Zagorska', '2023-08-23 10:40:11', '2023-08-23 10:40:11'),
	(1044, 71, 'Licko-Senjska', '2023-08-23 10:40:11', '2023-08-23 10:40:11'),
	(1045, 71, 'Medimurska', '2023-08-23 10:40:11', '2023-08-23 10:40:11'),
	(1046, 71, 'Osjecko-Baranjska', '2023-08-23 10:40:11', '2023-08-23 10:40:11'),
	(1047, 71, 'Pozesko-Slavonska', '2023-08-23 10:40:11', '2023-08-23 10:40:11'),
	(1048, 71, 'Primorsko-Goranska', '2023-08-23 10:40:11', '2023-08-23 10:40:11'),
	(1049, 71, 'Sibensko-Kninska', '2023-08-23 10:40:11', '2023-08-23 10:40:11'),
	(1050, 71, 'Sisacko-Moslavacka', '2023-08-23 10:40:11', '2023-08-23 10:40:11'),
	(1051, 71, 'Splitsko-Dalmatinska', '2023-08-23 10:40:11', '2023-08-23 10:40:11'),
	(1052, 71, 'Varazdinska', '2023-08-23 10:40:11', '2023-08-23 10:40:11'),
	(1053, 71, 'Viroviticko-Podravska', '2023-08-23 10:40:11', '2023-08-23 10:40:11'),
	(1054, 71, 'Vukovarsko-Srijemska', '2023-08-23 10:40:11', '2023-08-23 10:40:11'),
	(1055, 71, 'Zadarska', '2023-08-23 10:40:11', '2023-08-23 10:40:11'),
	(1056, 71, 'Zagrebacka', '2023-08-23 10:40:11', '2023-08-23 10:40:11'),
	(1057, 71, 'Grad Zagreb', '2023-08-23 10:40:11', '2023-08-23 10:40:11'),
	(1059, 143, 'Gibraltar', '2023-08-23 10:40:11', '2023-08-23 10:40:11'),
	(1060, 20, 'Evros', '2023-08-23 10:40:11', '2023-08-23 10:40:11'),
	(1061, 20, 'Rodhopi', '2023-08-23 10:40:11', '2023-08-23 10:40:11'),
	(1062, 20, 'Xanthi', '2023-08-23 10:40:11', '2023-08-23 10:40:11'),
	(1063, 20, 'Drama', '2023-08-23 10:40:12', '2023-08-23 10:40:12'),
	(1064, 20, 'Serrai', '2023-08-23 10:40:12', '2023-08-23 10:40:12'),
	(1065, 20, 'Kilkis', '2023-08-23 10:40:12', '2023-08-23 10:40:12'),
	(1066, 20, 'Pella', '2023-08-23 10:40:12', '2023-08-23 10:40:12'),
	(1067, 20, 'Florina', '2023-08-23 10:40:12', '2023-08-23 10:40:12'),
	(1068, 20, 'Kastoria', '2023-08-23 10:40:12', '2023-08-23 10:40:12'),
	(1069, 20, 'Grevena', '2023-08-23 10:40:12', '2023-08-23 10:40:12'),
	(1070, 20, 'Kozani', '2023-08-23 10:40:12', '2023-08-23 10:40:12'),
	(1071, 20, 'Imathia', '2023-08-23 10:40:12', '2023-08-23 10:40:12'),
	(1072, 20, 'Thessaloniki', '2023-08-23 10:40:12', '2023-08-23 10:40:12'),
	(1073, 20, 'Kavala', '2023-08-23 10:40:12', '2023-08-23 10:40:12'),
	(1074, 20, 'Khalkidhiki', '2023-08-23 10:40:12', '2023-08-23 10:40:12'),
	(1075, 20, 'Pieria', '2023-08-23 10:40:12', '2023-08-23 10:40:12'),
	(1076, 20, 'Ioannina', '2023-08-23 10:40:12', '2023-08-23 10:40:12'),
	(1077, 20, 'Thesprotia', '2023-08-23 10:40:12', '2023-08-23 10:40:12'),
	(1078, 20, 'Preveza', '2023-08-23 10:40:12', '2023-08-23 10:40:12'),
	(1079, 20, 'Arta', '2023-08-23 10:40:12', '2023-08-23 10:40:12'),
	(1080, 20, 'Larisa', '2023-08-23 10:40:12', '2023-08-23 10:40:12'),
	(1081, 20, 'Trikala', '2023-08-23 10:40:12', '2023-08-23 10:40:12'),
	(1082, 20, 'Kardhitsa', '2023-08-23 10:40:12', '2023-08-23 10:40:12'),
	(1083, 20, 'Magnisia', '2023-08-23 10:40:12', '2023-08-23 10:40:12'),
	(1084, 20, 'Kerkira', '2023-08-23 10:40:12', '2023-08-23 10:40:12'),
	(1085, 20, 'Levkas', '2023-08-23 10:40:12', '2023-08-23 10:40:12'),
	(1086, 20, 'Kefallinia', '2023-08-23 10:40:12', '2023-08-23 10:40:12'),
	(1087, 20, 'Zakinthos', '2023-08-23 10:40:12', '2023-08-23 10:40:12'),
	(1088, 20, 'Fthiotis', '2023-08-23 10:40:12', '2023-08-23 10:40:12'),
	(1089, 20, 'Evritania', '2023-08-23 10:40:12', '2023-08-23 10:40:12'),
	(1090, 20, 'Aitolia kai Akarnania', '2023-08-23 10:40:12', '2023-08-23 10:40:12'),
	(1091, 20, 'Fokis', '2023-08-23 10:40:12', '2023-08-23 10:40:12'),
	(1092, 20, 'Voiotia', '2023-08-23 10:40:12', '2023-08-23 10:40:12'),
	(1093, 20, 'Evvoia', '2023-08-23 10:40:12', '2023-08-23 10:40:12'),
	(1094, 20, 'Attiki', '2023-08-23 10:40:13', '2023-08-23 10:40:13'),
	(1095, 20, 'Argolis', '2023-08-23 10:40:13', '2023-08-23 10:40:13'),
	(1096, 20, 'Korinthia', '2023-08-23 10:40:13', '2023-08-23 10:40:13'),
	(1097, 20, 'Akhaia', '2023-08-23 10:40:13', '2023-08-23 10:40:13'),
	(1098, 20, 'Ilia', '2023-08-23 10:40:13', '2023-08-23 10:40:13'),
	(1099, 20, 'Messinia', '2023-08-23 10:40:13', '2023-08-23 10:40:13'),
	(1100, 20, 'Arkadhia', '2023-08-23 10:40:13', '2023-08-23 10:40:13'),
	(1101, 20, 'Lakonia', '2023-08-23 10:40:13', '2023-08-23 10:40:13'),
	(1102, 20, 'Khania', '2023-08-23 10:40:13', '2023-08-23 10:40:13'),
	(1103, 20, 'Rethimni', '2023-08-23 10:40:13', '2023-08-23 10:40:13'),
	(1104, 20, 'Iraklion', '2023-08-23 10:40:13', '2023-08-23 10:40:13'),
	(1105, 20, 'Lasithi', '2023-08-23 10:40:13', '2023-08-23 10:40:13'),
	(1106, 20, 'Dhodhekanisos', '2023-08-23 10:40:13', '2023-08-23 10:40:13'),
	(1107, 20, 'Samos', '2023-08-23 10:40:13', '2023-08-23 10:40:13'),
	(1108, 20, 'Kikladhes', '2023-08-23 10:40:13', '2023-08-23 10:40:13'),
	(1109, 20, 'Khios', '2023-08-23 10:40:13', '2023-08-23 10:40:13'),
	(1110, 20, 'Lesvos', '2023-08-23 10:40:13', '2023-08-23 10:40:13'),
	(1112, 14, 'Bacs-Kiskun', '2023-08-23 10:40:13', '2023-08-23 10:40:13'),
	(1113, 14, 'Baranya', '2023-08-23 10:40:13', '2023-08-23 10:40:13'),
	(1114, 14, 'Bekes', '2023-08-23 10:40:13', '2023-08-23 10:40:13'),
	(1115, 14, 'Borsod-Abauj-Zemplen', '2023-08-23 10:40:13', '2023-08-23 10:40:13'),
	(1116, 14, 'Budapest', '2023-08-23 10:40:13', '2023-08-23 10:40:13'),
	(1117, 14, 'Csongrad', '2023-08-23 10:40:13', '2023-08-23 10:40:13'),
	(1118, 14, 'Debrecen', '2023-08-23 10:40:13', '2023-08-23 10:40:13'),
	(1119, 14, 'Fejer', '2023-08-23 10:40:13', '2023-08-23 10:40:13'),
	(1120, 14, 'Gyor-Moson-Sopron', '2023-08-23 10:40:13', '2023-08-23 10:40:13'),
	(1121, 14, 'Hajdu-Bihar', '2023-08-23 10:40:13', '2023-08-23 10:40:13'),
	(1122, 14, 'Heves', '2023-08-23 10:40:13', '2023-08-23 10:40:13'),
	(1123, 14, 'Komarom-Esztergom', '2023-08-23 10:40:13', '2023-08-23 10:40:13'),
	(1124, 14, 'Miskolc', '2023-08-23 10:40:13', '2023-08-23 10:40:13'),
	(1125, 14, 'Nograd', '2023-08-23 10:40:13', '2023-08-23 10:40:13'),
	(1126, 14, 'Pecs', '2023-08-23 10:40:14', '2023-08-23 10:40:14'),
	(1127, 14, 'Pest', '2023-08-23 10:40:14', '2023-08-23 10:40:14'),
	(1128, 14, 'Somogy', '2023-08-23 10:40:14', '2023-08-23 10:40:14'),
	(1129, 14, 'Szabolcs-Szatmar-Bereg', '2023-08-23 10:40:14', '2023-08-23 10:40:14'),
	(1130, 14, 'Szeged', '2023-08-23 10:40:14', '2023-08-23 10:40:14'),
	(1131, 14, 'Jasz-Nagykun-Szolnok', '2023-08-23 10:40:14', '2023-08-23 10:40:14'),
	(1132, 14, 'Tolna', '2023-08-23 10:40:14', '2023-08-23 10:40:14'),
	(1133, 14, 'Vas', '2023-08-23 10:40:14', '2023-08-23 10:40:14'),
	(1134, 14, 'Veszprem', '2023-08-23 10:40:14', '2023-08-23 10:40:14'),
	(1135, 14, 'Zala', '2023-08-23 10:40:14', '2023-08-23 10:40:14'),
	(1136, 14, 'Gyor', '2023-08-23 10:40:14', '2023-08-23 10:40:14'),
	(1150, 14, 'Veszprem', '2023-08-23 10:40:14', '2023-08-23 10:40:14'),
	(1152, 126, 'Balzers', '2023-08-23 10:40:14', '2023-08-23 10:40:14'),
	(1153, 126, 'Eschen', '2023-08-23 10:40:14', '2023-08-23 10:40:14'),
	(1154, 126, 'Gamprin', '2023-08-23 10:40:14', '2023-08-23 10:40:14'),
	(1155, 126, 'Mauren', '2023-08-23 10:40:14', '2023-08-23 10:40:14'),
	(1156, 126, 'Planken', '2023-08-23 10:40:14', '2023-08-23 10:40:14'),
	(1157, 126, 'Ruggell', '2023-08-23 10:40:14', '2023-08-23 10:40:14'),
	(1158, 126, 'Schaan', '2023-08-23 10:40:14', '2023-08-23 10:40:14'),
	(1159, 126, 'Schellenberg', '2023-08-23 10:40:14', '2023-08-23 10:40:14'),
	(1160, 126, 'Triesen', '2023-08-23 10:40:14', '2023-08-23 10:40:14'),
	(1161, 126, 'Triesenberg', '2023-08-23 10:40:14', '2023-08-23 10:40:14'),
	(1162, 126, 'Vaduz', '2023-08-23 10:40:14', '2023-08-23 10:40:14'),
	(1163, 41, 'Diekirch', '2023-08-23 10:40:14', '2023-08-23 10:40:14'),
	(1164, 41, 'Grevenmacher', '2023-08-23 10:40:14', '2023-08-23 10:40:14'),
	(1165, 41, 'Luxembourg', '2023-08-23 10:40:14', '2023-08-23 10:40:14'),
	(1167, 85, 'Aracinovo', '2023-08-23 10:40:14', '2023-08-23 10:40:14'),
	(1168, 85, 'Bac', '2023-08-23 10:40:14', '2023-08-23 10:40:14'),
	(1169, 85, 'Belcista', '2023-08-23 10:40:14', '2023-08-23 10:40:14'),
	(1170, 85, 'Berovo', '2023-08-23 10:40:14', '2023-08-23 10:40:14'),
	(1171, 85, 'Bistrica', '2023-08-23 10:40:14', '2023-08-23 10:40:14'),
	(1172, 85, 'Bitola', '2023-08-23 10:40:14', '2023-08-23 10:40:14'),
	(1173, 85, 'Blatec', '2023-08-23 10:40:14', '2023-08-23 10:40:14'),
	(1174, 85, 'Bogdanci', '2023-08-23 10:40:15', '2023-08-23 10:40:15'),
	(1175, 85, 'Bogomila', '2023-08-23 10:40:15', '2023-08-23 10:40:15'),
	(1176, 85, 'Bogovinje', '2023-08-23 10:40:15', '2023-08-23 10:40:15'),
	(1177, 85, 'Bosilovo', '2023-08-23 10:40:15', '2023-08-23 10:40:15'),
	(1179, 85, 'Cair', '2023-08-23 10:40:15', '2023-08-23 10:40:15'),
	(1180, 85, 'Capari', '2023-08-23 10:40:15', '2023-08-23 10:40:15'),
	(1181, 85, 'Caska', '2023-08-23 10:40:15', '2023-08-23 10:40:15'),
	(1182, 85, 'Cegrane', '2023-08-23 10:40:15', '2023-08-23 10:40:15'),
	(1184, 85, 'Centar Zupa', '2023-08-23 10:40:15', '2023-08-23 10:40:15'),
	(1187, 85, 'Debar', '2023-08-23 10:40:15', '2023-08-23 10:40:15'),
	(1188, 85, 'Delcevo', '2023-08-23 10:40:15', '2023-08-23 10:40:15'),
	(1190, 85, 'Demir Hisar', '2023-08-23 10:40:15', '2023-08-23 10:40:15'),
	(1191, 85, 'Demir Kapija', '2023-08-23 10:40:15', '2023-08-23 10:40:15'),
	(1195, 85, 'Dorce Petrov', '2023-08-23 10:40:15', '2023-08-23 10:40:15'),
	(1198, 85, 'Gazi Baba', '2023-08-23 10:40:15', '2023-08-23 10:40:15'),
	(1199, 85, 'Gevgelija', '2023-08-23 10:40:15', '2023-08-23 10:40:15'),
	(1200, 85, 'Gostivar', '2023-08-23 10:40:15', '2023-08-23 10:40:15'),
	(1201, 85, 'Gradsko', '2023-08-23 10:40:15', '2023-08-23 10:40:15'),
	(1204, 85, 'Jegunovce', '2023-08-23 10:40:15', '2023-08-23 10:40:15'),
	(1205, 85, 'Kamenjane', '2023-08-23 10:40:15', '2023-08-23 10:40:15'),
	(1207, 85, 'Karpos', '2023-08-23 10:40:15', '2023-08-23 10:40:15'),
	(1208, 85, 'Kavadarci', '2023-08-23 10:40:15', '2023-08-23 10:40:15'),
	(1209, 85, 'Kicevo', '2023-08-23 10:40:15', '2023-08-23 10:40:15'),
	(1210, 85, 'Kisela Voda', '2023-08-23 10:40:15', '2023-08-23 10:40:15'),
	(1211, 85, 'Klecevce', '2023-08-23 10:40:15', '2023-08-23 10:40:15'),
	(1212, 85, 'Kocani', '2023-08-23 10:40:15', '2023-08-23 10:40:15'),
	(1214, 85, 'Kondovo', '2023-08-23 10:40:15', '2023-08-23 10:40:15'),
	(1217, 85, 'Kratovo', '2023-08-23 10:40:15', '2023-08-23 10:40:15'),
	(1219, 85, 'Krivogastani', '2023-08-23 10:40:15', '2023-08-23 10:40:15'),
	(1220, 85, 'Krusevo', '2023-08-23 10:40:15', '2023-08-23 10:40:15'),
	(1223, 85, 'Kumanovo', '2023-08-23 10:40:15', '2023-08-23 10:40:15'),
	(1224, 85, 'Labunista', '2023-08-23 10:40:16', '2023-08-23 10:40:16'),
	(1225, 85, 'Lipkovo', '2023-08-23 10:40:16', '2023-08-23 10:40:16'),
	(1228, 85, 'Makedonska Kamenica', '2023-08-23 10:40:16', '2023-08-23 10:40:16'),
	(1229, 85, 'Makedonski Brod', '2023-08-23 10:40:16', '2023-08-23 10:40:16'),
	(1234, 85, 'Murtino', '2023-08-23 10:40:16', '2023-08-23 10:40:16'),
	(1235, 85, 'Negotino', '2023-08-23 10:40:16', '2023-08-23 10:40:16'),
	(1238, 85, 'Novo Selo', '2023-08-23 10:40:16', '2023-08-23 10:40:16'),
	(1240, 85, 'Ohrid', '2023-08-23 10:40:16', '2023-08-23 10:40:16'),
	(1242, 85, 'Orizari', '2023-08-23 10:40:16', '2023-08-23 10:40:16'),
	(1245, 85, 'Petrovec', '2023-08-23 10:40:16', '2023-08-23 10:40:16'),
	(1248, 85, 'Prilep', '2023-08-23 10:40:16', '2023-08-23 10:40:16'),
	(1249, 85, 'Probistip', '2023-08-23 10:40:16', '2023-08-23 10:40:16'),
	(1250, 85, 'Radovis', '2023-08-23 10:40:16', '2023-08-23 10:40:16'),
	(1252, 85, 'Resen', '2023-08-23 10:40:16', '2023-08-23 10:40:16'),
	(1253, 85, 'Rosoman', '2023-08-23 10:40:16', '2023-08-23 10:40:16'),
	(1256, 85, 'Saraj', '2023-08-23 10:40:16', '2023-08-23 10:40:16'),
	(1260, 85, 'Srbinovo', '2023-08-23 10:40:16', '2023-08-23 10:40:16'),
	(1262, 85, 'Star Dojran', '2023-08-23 10:40:16', '2023-08-23 10:40:16'),
	(1264, 85, 'Stip', '2023-08-23 10:40:16', '2023-08-23 10:40:16'),
	(1265, 85, 'Struga', '2023-08-23 10:40:16', '2023-08-23 10:40:16'),
	(1266, 85, 'Strumica', '2023-08-23 10:40:16', '2023-08-23 10:40:16'),
	(1267, 85, 'Studenicani', '2023-08-23 10:40:16', '2023-08-23 10:40:16'),
	(1268, 85, 'Suto Orizari', '2023-08-23 10:40:16', '2023-08-23 10:40:16'),
	(1269, 85, 'Sveti Nikole', '2023-08-23 10:40:16', '2023-08-23 10:40:16'),
	(1270, 85, 'Tearce', '2023-08-23 10:40:16', '2023-08-23 10:40:16'),
	(1271, 85, 'Tetovo', '2023-08-23 10:40:16', '2023-08-23 10:40:16'),
	(1273, 85, 'Valandovo', '2023-08-23 10:40:16', '2023-08-23 10:40:16'),
	(1275, 85, 'Veles', '2023-08-23 10:40:16', '2023-08-23 10:40:16'),
	(1277, 85, 'Vevcani', '2023-08-23 10:40:16', '2023-08-23 10:40:16'),
	(1278, 85, 'Vinica', '2023-08-23 10:40:17', '2023-08-23 10:40:17'),
	(1281, 85, 'Vrapciste', '2023-08-23 10:40:17', '2023-08-23 10:40:17'),
	(1286, 85, 'Zelino', '2023-08-23 10:40:17', '2023-08-23 10:40:17'),
	(1289, 85, 'Zrnovci', '2023-08-23 10:40:17', '2023-08-23 10:40:17'),
	(1291, 86, 'Malta', '2023-08-23 10:40:17', '2023-08-23 10:40:17'),
	(1292, 44, 'La Condamine', '2023-08-23 10:40:17', '2023-08-23 10:40:17'),
	(1293, 44, 'Monaco', '2023-08-23 10:40:17', '2023-08-23 10:40:17'),
	(1294, 44, 'Monte-Carlo', '2023-08-23 10:40:17', '2023-08-23 10:40:17'),
	(1295, 47, 'Biala Podlaska', '2023-08-23 10:40:17', '2023-08-23 10:40:17'),
	(1296, 47, 'Bialystok', '2023-08-23 10:40:17', '2023-08-23 10:40:17'),
	(1297, 47, 'Bielsko', '2023-08-23 10:40:17', '2023-08-23 10:40:17'),
	(1298, 47, 'Bydgoszcz', '2023-08-23 10:40:17', '2023-08-23 10:40:17'),
	(1299, 47, 'Chelm', '2023-08-23 10:40:17', '2023-08-23 10:40:17'),
	(1300, 47, 'Ciechanow', '2023-08-23 10:40:17', '2023-08-23 10:40:17'),
	(1301, 47, 'Czestochowa', '2023-08-23 10:40:17', '2023-08-23 10:40:17'),
	(1302, 47, 'Elblag', '2023-08-23 10:40:17', '2023-08-23 10:40:17'),
	(1303, 47, 'Gdansk', '2023-08-23 10:40:17', '2023-08-23 10:40:17'),
	(1304, 47, 'Gorzow', '2023-08-23 10:40:17', '2023-08-23 10:40:17'),
	(1305, 47, 'Jelenia Gora', '2023-08-23 10:40:17', '2023-08-23 10:40:17'),
	(1306, 47, 'Kalisz', '2023-08-23 10:40:17', '2023-08-23 10:40:17'),
	(1307, 47, 'Katowice', '2023-08-23 10:40:17', '2023-08-23 10:40:17'),
	(1308, 47, 'Kielce', '2023-08-23 10:40:17', '2023-08-23 10:40:17'),
	(1309, 47, 'Konin', '2023-08-23 10:40:17', '2023-08-23 10:40:17'),
	(1310, 47, 'Koszalin', '2023-08-23 10:40:17', '2023-08-23 10:40:17'),
	(1311, 47, 'Krakow', '2023-08-23 10:40:17', '2023-08-23 10:40:17'),
	(1312, 47, 'Krosno', '2023-08-23 10:40:17', '2023-08-23 10:40:17'),
	(1313, 47, 'Legnica', '2023-08-23 10:40:17', '2023-08-23 10:40:17'),
	(1314, 47, 'Leszno', '2023-08-23 10:40:17', '2023-08-23 10:40:17'),
	(1315, 47, 'Lodz', '2023-08-23 10:40:17', '2023-08-23 10:40:17'),
	(1316, 47, 'Lomza', '2023-08-23 10:40:17', '2023-08-23 10:40:17'),
	(1317, 47, 'Lublin', '2023-08-23 10:40:18', '2023-08-23 10:40:18'),
	(1318, 47, 'Nowy Sacz', '2023-08-23 10:40:18', '2023-08-23 10:40:18'),
	(1319, 47, 'Olsztyn', '2023-08-23 10:40:18', '2023-08-23 10:40:18'),
	(1320, 47, 'Opole', '2023-08-23 10:40:18', '2023-08-23 10:40:18'),
	(1321, 47, 'Ostroleka', '2023-08-23 10:40:18', '2023-08-23 10:40:18'),
	(1322, 47, 'Pila', '2023-08-23 10:40:18', '2023-08-23 10:40:18'),
	(1323, 47, 'Piotrkow', '2023-08-23 10:40:18', '2023-08-23 10:40:18'),
	(1324, 47, 'Plock', '2023-08-23 10:40:18', '2023-08-23 10:40:18'),
	(1325, 47, 'Poznan', '2023-08-23 10:40:18', '2023-08-23 10:40:18'),
	(1326, 47, 'Przemysl', '2023-08-23 10:40:18', '2023-08-23 10:40:18'),
	(1327, 47, 'Radom', '2023-08-23 10:40:18', '2023-08-23 10:40:18'),
	(1328, 47, 'Rzeszow', '2023-08-23 10:40:18', '2023-08-23 10:40:18'),
	(1329, 47, 'Siedlce', '2023-08-23 10:40:18', '2023-08-23 10:40:18'),
	(1330, 47, 'Sieradz', '2023-08-23 10:40:18', '2023-08-23 10:40:18'),
	(1331, 47, 'Skierniewice', '2023-08-23 10:40:18', '2023-08-23 10:40:18'),
	(1332, 47, 'Slupsk', '2023-08-23 10:40:18', '2023-08-23 10:40:18'),
	(1333, 47, 'Suwalki', '2023-08-23 10:40:19', '2023-08-23 10:40:19'),
	(1335, 47, 'Tarnobrzeg', '2023-08-23 10:40:19', '2023-08-23 10:40:19'),
	(1336, 47, 'Tarnow', '2023-08-23 10:40:19', '2023-08-23 10:40:19'),
	(1337, 47, 'Torun', '2023-08-23 10:40:19', '2023-08-23 10:40:19'),
	(1338, 47, 'Walbrzych', '2023-08-23 10:40:19', '2023-08-23 10:40:19'),
	(1339, 47, 'Warszawa', '2023-08-23 10:40:19', '2023-08-23 10:40:19'),
	(1340, 47, 'Wloclawek', '2023-08-23 10:40:19', '2023-08-23 10:40:19'),
	(1341, 47, 'Wroclaw', '2023-08-23 10:40:19', '2023-08-23 10:40:19'),
	(1342, 47, 'Zamosc', '2023-08-23 10:40:19', '2023-08-23 10:40:19'),
	(1343, 47, 'Zielona Gora', '2023-08-23 10:40:19', '2023-08-23 10:40:19'),
	(1344, 47, 'Dolnoslaskie', '2023-08-23 10:40:19', '2023-08-23 10:40:19'),
	(1345, 47, 'Kujawsko-Pomorskie', '2023-08-23 10:40:19', '2023-08-23 10:40:19'),
	(1346, 47, 'Lodzkie', '2023-08-23 10:40:19', '2023-08-23 10:40:19'),
	(1347, 47, 'Lubelskie', '2023-08-23 10:40:19', '2023-08-23 10:40:19'),
	(1348, 47, 'Lubuskie', '2023-08-23 10:40:19', '2023-08-23 10:40:19'),
	(1349, 47, 'Malopolskie', '2023-08-23 10:40:19', '2023-08-23 10:40:19'),
	(1350, 47, 'Mazowieckie', '2023-08-23 10:40:19', '2023-08-23 10:40:19'),
	(1351, 47, 'Opolskie', '2023-08-23 10:40:19', '2023-08-23 10:40:19'),
	(1352, 47, 'Podkarpackie', '2023-08-23 10:40:19', '2023-08-23 10:40:19'),
	(1353, 47, 'Podlaskie', '2023-08-23 10:40:19', '2023-08-23 10:40:19'),
	(1354, 47, 'Pomorskie', '2023-08-23 10:40:19', '2023-08-23 10:40:19'),
	(1355, 47, 'Slaskie', '2023-08-23 10:40:19', '2023-08-23 10:40:19'),
	(1356, 47, 'Swietokrzyskie', '2023-08-23 10:40:19', '2023-08-23 10:40:19'),
	(1357, 47, 'Warminsko-Mazurskie', '2023-08-23 10:40:20', '2023-08-23 10:40:20'),
	(1358, 47, 'Wielkopolskie', '2023-08-23 10:40:20', '2023-08-23 10:40:20'),
	(1359, 47, 'Zachodniopomorskie', '2023-08-23 10:40:20', '2023-08-23 10:40:20'),
	(1361, 72, 'Alba', '2023-08-23 10:40:20', '2023-08-23 10:40:20'),
	(1362, 72, 'Arad', '2023-08-23 10:40:20', '2023-08-23 10:40:20'),
	(1363, 72, 'Arges', '2023-08-23 10:40:20', '2023-08-23 10:40:20'),
	(1364, 72, 'Bacau', '2023-08-23 10:40:20', '2023-08-23 10:40:20'),
	(1365, 72, 'Bihor', '2023-08-23 10:40:20', '2023-08-23 10:40:20'),
	(1366, 72, 'Bistrita-Nasaud', '2023-08-23 10:40:20', '2023-08-23 10:40:20'),
	(1367, 72, 'Botosani', '2023-08-23 10:40:20', '2023-08-23 10:40:20'),
	(1368, 72, 'Braila', '2023-08-23 10:40:20', '2023-08-23 10:40:20'),
	(1369, 72, 'Brasov', '2023-08-23 10:40:20', '2023-08-23 10:40:20'),
	(1370, 72, 'Bucuresti', '2023-08-23 10:40:20', '2023-08-23 10:40:20'),
	(1371, 72, 'Buzau', '2023-08-23 10:40:20', '2023-08-23 10:40:20'),
	(1372, 72, 'Caras-Severin', '2023-08-23 10:40:20', '2023-08-23 10:40:20'),
	(1373, 72, 'Cluj', '2023-08-23 10:40:20', '2023-08-23 10:40:20'),
	(1374, 72, 'Constanta', '2023-08-23 10:40:20', '2023-08-23 10:40:20'),
	(1375, 72, 'Covasna', '2023-08-23 10:40:20', '2023-08-23 10:40:20'),
	(1376, 72, 'Dambovita', '2023-08-23 10:40:20', '2023-08-23 10:40:20'),
	(1377, 72, 'Dolj', '2023-08-23 10:40:20', '2023-08-23 10:40:20'),
	(1378, 72, 'Galati', '2023-08-23 10:40:20', '2023-08-23 10:40:20'),
	(1379, 72, 'Gorj', '2023-08-23 10:40:20', '2023-08-23 10:40:20'),
	(1380, 72, 'Harghita', '2023-08-23 10:40:20', '2023-08-23 10:40:20'),
	(1381, 72, 'Hunedoara', '2023-08-23 10:40:20', '2023-08-23 10:40:20'),
	(1382, 72, 'Ialomita', '2023-08-23 10:40:20', '2023-08-23 10:40:20'),
	(1383, 72, 'Iasi', '2023-08-23 10:40:20', '2023-08-23 10:40:20'),
	(1384, 72, 'Maramures', '2023-08-23 10:40:21', '2023-08-23 10:40:21'),
	(1385, 72, 'Mehedinti', '2023-08-23 10:40:21', '2023-08-23 10:40:21'),
	(1386, 72, 'Mures', '2023-08-23 10:40:21', '2023-08-23 10:40:21'),
	(1387, 72, 'Neamt', '2023-08-23 10:40:21', '2023-08-23 10:40:21'),
	(1388, 72, 'Olt', '2023-08-23 10:40:21', '2023-08-23 10:40:21'),
	(1389, 72, 'Prahova', '2023-08-23 10:40:21', '2023-08-23 10:40:21'),
	(1390, 72, 'Salaj', '2023-08-23 10:40:21', '2023-08-23 10:40:21'),
	(1391, 72, 'Satu Mare', '2023-08-23 10:40:21', '2023-08-23 10:40:21'),
	(1392, 72, 'Sibiu', '2023-08-23 10:40:21', '2023-08-23 10:40:21'),
	(1393, 72, 'Suceava', '2023-08-23 10:40:21', '2023-08-23 10:40:21'),
	(1394, 72, 'Teleorman', '2023-08-23 10:40:21', '2023-08-23 10:40:21'),
	(1395, 72, 'Timis', '2023-08-23 10:40:21', '2023-08-23 10:40:21'),
	(1396, 72, 'Tulcea', '2023-08-23 10:40:21', '2023-08-23 10:40:21'),
	(1397, 72, 'Vaslui', '2023-08-23 10:40:21', '2023-08-23 10:40:21'),
	(1398, 72, 'Valcea', '2023-08-23 10:40:21', '2023-08-23 10:40:21'),
	(1399, 72, 'Vrancea', '2023-08-23 10:40:21', '2023-08-23 10:40:21'),
	(1400, 72, 'Calarasi', '2023-08-23 10:40:21', '2023-08-23 10:40:21'),
	(1401, 72, 'Giurgiu', '2023-08-23 10:40:21', '2023-08-23 10:40:21'),
	(1404, 224, 'Acquaviva', '2023-08-23 10:40:21', '2023-08-23 10:40:21'),
	(1405, 224, 'Chiesanuova', '2023-08-23 10:40:21', '2023-08-23 10:40:21'),
	(1406, 224, 'Domagnano', '2023-08-23 10:40:21', '2023-08-23 10:40:21'),
	(1407, 224, 'Faetano', '2023-08-23 10:40:21', '2023-08-23 10:40:21'),
	(1408, 224, 'Fiorentino', '2023-08-23 10:40:21', '2023-08-23 10:40:21'),
	(1409, 224, 'Borgo Maggiore', '2023-08-23 10:40:22', '2023-08-23 10:40:22'),
	(1410, 224, 'San Marino', '2023-08-23 10:40:22', '2023-08-23 10:40:22'),
	(1411, 224, 'Monte Giardino', '2023-08-23 10:40:22', '2023-08-23 10:40:22'),
	(1412, 224, 'Serravalle', '2023-08-23 10:40:22', '2023-08-23 10:40:22'),
	(1413, 52, 'Banska Bystrica', '2023-08-23 10:40:22', '2023-08-23 10:40:22'),
	(1414, 52, 'Bratislava', '2023-08-23 10:40:22', '2023-08-23 10:40:22'),
	(1415, 52, 'Kosice', '2023-08-23 10:40:22', '2023-08-23 10:40:22'),
	(1416, 52, 'Nitra', '2023-08-23 10:40:22', '2023-08-23 10:40:22'),
	(1417, 52, 'Presov', '2023-08-23 10:40:22', '2023-08-23 10:40:22'),
	(1418, 52, 'Trencin', '2023-08-23 10:40:22', '2023-08-23 10:40:22'),
	(1419, 52, 'Trnava', '2023-08-23 10:40:22', '2023-08-23 10:40:22'),
	(1420, 52, 'Zilina', '2023-08-23 10:40:22', '2023-08-23 10:40:22'),
	(1423, 53, 'Beltinci', '2023-08-23 10:40:22', '2023-08-23 10:40:22'),
	(1425, 53, 'Bohinj', '2023-08-23 10:40:22', '2023-08-23 10:40:22'),
	(1426, 53, 'Borovnica', '2023-08-23 10:40:22', '2023-08-23 10:40:22'),
	(1427, 53, 'Bovec', '2023-08-23 10:40:22', '2023-08-23 10:40:22'),
	(1428, 53, 'Brda', '2023-08-23 10:40:22', '2023-08-23 10:40:22'),
	(1429, 53, 'Brezice', '2023-08-23 10:40:22', '2023-08-23 10:40:22'),
	(1430, 53, 'Brezovica', '2023-08-23 10:40:22', '2023-08-23 10:40:22'),
	(1432, 53, 'Cerklje na Gorenjskem', '2023-08-23 10:40:22', '2023-08-23 10:40:22'),
	(1434, 53, 'Cerkno', '2023-08-23 10:40:22', '2023-08-23 10:40:22'),
	(1436, 53, 'Crna na Koroskem', '2023-08-23 10:40:22', '2023-08-23 10:40:22'),
	(1437, 53, 'Crnomelj', '2023-08-23 10:40:22', '2023-08-23 10:40:22'),
	(1438, 53, 'Divaca', '2023-08-23 10:40:22', '2023-08-23 10:40:22'),
	(1439, 53, 'Dobrepolje', '2023-08-23 10:40:22', '2023-08-23 10:40:22'),
	(1440, 53, 'Dol pri Ljubljani', '2023-08-23 10:40:23', '2023-08-23 10:40:23'),
	(1443, 53, 'Duplek', '2023-08-23 10:40:23', '2023-08-23 10:40:23'),
	(1447, 53, 'Gornji Grad', '2023-08-23 10:40:23', '2023-08-23 10:40:23'),
	(1450, 53, 'Hrastnik', '2023-08-23 10:40:23', '2023-08-23 10:40:23'),
	(1451, 53, 'Hrpelje-Kozina', '2023-08-23 10:40:23', '2023-08-23 10:40:23'),
	(1452, 53, 'Idrija', '2023-08-23 10:40:23', '2023-08-23 10:40:23'),
	(1453, 53, 'Ig', '2023-08-23 10:40:23', '2023-08-23 10:40:23'),
	(1454, 53, 'Ilirska Bistrica', '2023-08-23 10:40:23', '2023-08-23 10:40:23'),
	(1455, 53, 'Ivancna Gorica', '2023-08-23 10:40:23', '2023-08-23 10:40:23'),
	(1462, 53, 'Komen', '2023-08-23 10:40:23', '2023-08-23 10:40:23'),
	(1463, 53, 'Koper-Capodistria', '2023-08-23 10:40:23', '2023-08-23 10:40:23'),
	(1464, 53, 'Kozje', '2023-08-23 10:40:23', '2023-08-23 10:40:23'),
	(1465, 53, 'Kranj', '2023-08-23 10:40:23', '2023-08-23 10:40:23'),
	(1466, 53, 'Kranjska Gora', '2023-08-23 10:40:23', '2023-08-23 10:40:23'),
	(1467, 53, 'Krsko', '2023-08-23 10:40:23', '2023-08-23 10:40:23'),
	(1469, 53, 'Lasko', '2023-08-23 10:40:23', '2023-08-23 10:40:23'),
	(1470, 53, 'Ljubljana', '2023-08-23 10:40:23', '2023-08-23 10:40:23'),
	(1471, 53, 'Ljubno', '2023-08-23 10:40:23', '2023-08-23 10:40:23'),
	(1472, 53, 'Logatec', '2023-08-23 10:40:23', '2023-08-23 10:40:23'),
	(1475, 53, 'Medvode', '2023-08-23 10:40:23', '2023-08-23 10:40:23'),
	(1476, 53, 'Menges', '2023-08-23 10:40:23', '2023-08-23 10:40:23'),
	(1478, 53, 'Mezica', '2023-08-23 10:40:23', '2023-08-23 10:40:23'),
	(1480, 53, 'Moravce', '2023-08-23 10:40:23', '2023-08-23 10:40:23'),
	(1482, 53, 'Mozirje', '2023-08-23 10:40:23', '2023-08-23 10:40:23'),
	(1483, 53, 'Murska Sobota', '2023-08-23 10:40:23', '2023-08-23 10:40:23'),
	(1487, 53, 'Nova Gorica', '2023-08-23 10:40:23', '2023-08-23 10:40:23'),
	(1489, 53, 'Ormoz', '2023-08-23 10:40:23', '2023-08-23 10:40:23'),
	(1491, 53, 'Pesnica', '2023-08-23 10:40:23', '2023-08-23 10:40:23'),
	(1494, 53, 'Postojna', '2023-08-23 10:40:24', '2023-08-23 10:40:24'),
	(1497, 53, 'Radece', '2023-08-23 10:40:24', '2023-08-23 10:40:24'),
	(1498, 53, 'Radenci', '2023-08-23 10:40:24', '2023-08-23 10:40:24'),
	(1500, 53, 'Radovljica', '2023-08-23 10:40:24', '2023-08-23 10:40:24'),
	(1502, 53, 'Rogaska Slatina', '2023-08-23 10:40:24', '2023-08-23 10:40:24'),
	(1505, 53, 'Sencur', '2023-08-23 10:40:24', '2023-08-23 10:40:24'),
	(1506, 53, 'Sentilj', '2023-08-23 10:40:24', '2023-08-23 10:40:24'),
	(1508, 53, 'Sevnica', '2023-08-23 10:40:24', '2023-08-23 10:40:24'),
	(1509, 53, 'Sezana', '2023-08-23 10:40:24', '2023-08-23 10:40:24'),
	(1511, 53, 'Skofja Loka', '2023-08-23 10:40:24', '2023-08-23 10:40:24'),
	(1513, 53, 'Slovenj Gradec', '2023-08-23 10:40:24', '2023-08-23 10:40:24'),
	(1514, 53, 'Slovenske Konjice', '2023-08-23 10:40:24', '2023-08-23 10:40:24'),
	(1515, 53, 'Smarje pri Jelsah', '2023-08-23 10:40:24', '2023-08-23 10:40:24'),
	(1521, 53, 'Tolmin', '2023-08-23 10:40:24', '2023-08-23 10:40:24'),
	(1522, 53, 'Trbovlje', '2023-08-23 10:40:24', '2023-08-23 10:40:24'),
	(1524, 53, 'Trzic', '2023-08-23 10:40:24', '2023-08-23 10:40:24'),
	(1526, 53, 'Velenje', '2023-08-23 10:40:24', '2023-08-23 10:40:24'),
	(1528, 53, 'Vipava', '2023-08-23 10:40:24', '2023-08-23 10:40:24'),
	(1531, 53, 'Vrhnika', '2023-08-23 10:40:24', '2023-08-23 10:40:24'),
	(1532, 53, 'Vuzenica', '2023-08-23 10:40:24', '2023-08-23 10:40:24'),
	(1533, 53, 'Zagorje ob Savi', '2023-08-23 10:40:24', '2023-08-23 10:40:24'),
	(1535, 53, 'Zelezniki', '2023-08-23 10:40:24', '2023-08-23 10:40:24'),
	(1536, 53, 'Ziri', '2023-08-23 10:40:24', '2023-08-23 10:40:24'),
	(1537, 53, 'Zrece', '2023-08-23 10:40:24', '2023-08-23 10:40:24'),
	(1539, 53, 'Domzale', '2023-08-23 10:40:24', '2023-08-23 10:40:24'),
	(1540, 53, 'Jesenice', '2023-08-23 10:40:25', '2023-08-23 10:40:25'),
	(1541, 53, 'Kamnik', '2023-08-23 10:40:25', '2023-08-23 10:40:25'),
	(1542, 53, 'Kocevje', '2023-08-23 10:40:25', '2023-08-23 10:40:25'),
	(1544, 53, 'Lenart', '2023-08-23 10:40:25', '2023-08-23 10:40:25'),
	(1545, 53, 'Litija', '2023-08-23 10:40:25', '2023-08-23 10:40:25'),
	(1546, 53, 'Ljutomer', '2023-08-23 10:40:25', '2023-08-23 10:40:25'),
	(1550, 53, 'Maribor', '2023-08-23 10:40:25', '2023-08-23 10:40:25'),
	(1552, 53, 'Novo Mesto', '2023-08-23 10:40:25', '2023-08-23 10:40:25'),
	(1553, 53, 'Piran', '2023-08-23 10:40:25', '2023-08-23 10:40:25'),
	(1554, 53, 'Preddvor', '2023-08-23 10:40:25', '2023-08-23 10:40:25'),
	(1555, 53, 'Ptuj', '2023-08-23 10:40:25', '2023-08-23 10:40:25'),
	(1556, 53, 'Ribnica', '2023-08-23 10:40:25', '2023-08-23 10:40:25'),
	(1558, 53, 'Sentjur pri Celju', '2023-08-23 10:40:25', '2023-08-23 10:40:25'),
	(1559, 53, 'Slovenska Bistrica', '2023-08-23 10:40:25', '2023-08-23 10:40:25'),
	(1560, 53, 'Videm', '2023-08-23 10:40:25', '2023-08-23 10:40:25'),
	(1562, 53, 'Zalec', '2023-08-23 10:40:25', '2023-08-23 10:40:25'),
	(1564, 109, 'Seychelles', '2023-08-23 10:40:25', '2023-08-23 10:40:25'),
	(1565, 108, 'Mauritania', '2023-08-23 10:40:25', '2023-08-23 10:40:25'),
	(1566, 135, 'Senegal', '2023-08-23 10:40:25', '2023-08-23 10:40:25'),
	(1567, 154, 'Road Town', '2023-08-23 10:40:25', '2023-08-23 10:40:25'),
	(1568, 165, 'Congo', '2023-08-23 10:40:25', '2023-08-23 10:40:25'),
	(1569, 166, 'Avarua', '2023-08-23 10:40:25', '2023-08-23 10:40:25'),
	(1570, 172, 'Malabo', '2023-08-23 10:40:25', '2023-08-23 10:40:25'),
	(1571, 175, 'Torshavn', '2023-08-23 10:40:25', '2023-08-23 10:40:25'),
	(1572, 178, 'Papeete', '2023-08-23 10:40:25', '2023-08-23 10:40:25'),
	(1573, 184, 'St George&#039;s', '2023-08-23 10:40:26', '2023-08-23 10:40:26'),
	(1574, 186, 'St Peter Port', '2023-08-23 10:40:26', '2023-08-23 10:40:26'),
	(1575, 188, 'Bissau', '2023-08-23 10:40:26', '2023-08-23 10:40:26'),
	(1576, 193, 'Saint Helier', '2023-08-23 10:40:26', '2023-08-23 10:40:26'),
	(1577, 201, 'Fort-de-France', '2023-08-23 10:40:26', '2023-08-23 10:40:26'),
	(1578, 207, 'Willemstad', '2023-08-23 10:40:26', '2023-08-23 10:40:26'),
	(1579, 208, 'Noumea', '2023-08-23 10:40:26', '2023-08-23 10:40:26'),
	(1580, 212, 'Kingston', '2023-08-23 10:40:26', '2023-08-23 10:40:26'),
	(1581, 215, 'Adamstown', '2023-08-23 10:40:26', '2023-08-23 10:40:26'),
	(1582, 216, 'Doha', '2023-08-23 10:40:26', '2023-08-23 10:40:26'),
	(1583, 218, 'Jamestown', '2023-08-23 10:40:26', '2023-08-23 10:40:26'),
	(1584, 219, 'Basseterre', '2023-08-23 10:40:26', '2023-08-23 10:40:26'),
	(1585, 220, 'Castries', '2023-08-23 10:40:26', '2023-08-23 10:40:26'),
	(1586, 221, 'Saint Pierre', '2023-08-23 10:40:26', '2023-08-23 10:40:26'),
	(1587, 222, 'Kingstown', '2023-08-23 10:40:26', '2023-08-23 10:40:26'),
	(1588, 225, 'San Tome', '2023-08-23 10:40:26', '2023-08-23 10:40:26'),
	(1589, 226, 'Belgrade', '2023-08-23 10:40:27', '2023-08-23 10:40:27'),
	(1590, 227, 'Freetown', '2023-08-23 10:40:27', '2023-08-23 10:40:27'),
	(1591, 229, 'Mogadishu', '2023-08-23 10:40:27', '2023-08-23 10:40:27'),
	(1592, 235, 'Fakaofo', '2023-08-23 10:40:27', '2023-08-23 10:40:27'),
	(1593, 237, 'Port of Spain', '2023-08-23 10:40:27', '2023-08-23 10:40:27'),
	(1594, 241, 'Mata-Utu', '2023-08-23 10:40:27', '2023-08-23 10:40:27'),
	(1596, 89, 'Amazonas', '2023-08-23 10:40:27', '2023-08-23 10:40:27'),
	(1597, 89, 'Ancash', '2023-08-23 10:40:27', '2023-08-23 10:40:27'),
	(1598, 89, 'Apurímac', '2023-08-23 10:40:27', '2023-08-23 10:40:27'),
	(1599, 89, 'Arequipa', '2023-08-23 10:40:27', '2023-08-23 10:40:27'),
	(1600, 89, 'Ayacucho', '2023-08-23 10:40:27', '2023-08-23 10:40:27'),
	(1601, 89, 'Cajamarca', '2023-08-23 10:40:27', '2023-08-23 10:40:27'),
	(1602, 89, 'Callao', '2023-08-23 10:40:27', '2023-08-23 10:40:27'),
	(1603, 89, 'Cusco', '2023-08-23 10:40:27', '2023-08-23 10:40:27'),
	(1604, 89, 'Huancavelica', '2023-08-23 10:40:27', '2023-08-23 10:40:27'),
	(1605, 89, 'Huánuco', '2023-08-23 10:40:27', '2023-08-23 10:40:27'),
	(1606, 89, 'Ica', '2023-08-23 10:40:27', '2023-08-23 10:40:27'),
	(1607, 89, 'Junín', '2023-08-23 10:40:27', '2023-08-23 10:40:27'),
	(1608, 89, 'La Libertad', '2023-08-23 10:40:27', '2023-08-23 10:40:27'),
	(1609, 89, 'Lambayeque', '2023-08-23 10:40:27', '2023-08-23 10:40:27'),
	(1610, 89, 'Lima', '2023-08-23 10:40:27', '2023-08-23 10:40:27'),
	(1611, 89, 'Loreto', '2023-08-23 10:40:27', '2023-08-23 10:40:27'),
	(1612, 89, 'Madre de Dios', '2023-08-23 10:40:27', '2023-08-23 10:40:27'),
	(1613, 89, 'Moquegua', '2023-08-23 10:40:27', '2023-08-23 10:40:27'),
	(1614, 89, 'Pasco', '2023-08-23 10:40:28', '2023-08-23 10:40:28'),
	(1615, 89, 'Piura', '2023-08-23 10:40:28', '2023-08-23 10:40:28'),
	(1616, 89, 'Puno', '2023-08-23 10:40:28', '2023-08-23 10:40:28'),
	(1617, 89, 'San Martín', '2023-08-23 10:40:28', '2023-08-23 10:40:28'),
	(1618, 89, 'Tacna', '2023-08-23 10:40:28', '2023-08-23 10:40:28'),
	(1619, 89, 'Tumbes', '2023-08-23 10:40:28', '2023-08-23 10:40:28'),
	(1620, 89, 'Ucayali', '2023-08-23 10:40:28', '2023-08-23 10:40:28'),
	(1622, 110, 'Alto Paraná', '2023-08-23 10:40:28', '2023-08-23 10:40:28'),
	(1623, 110, 'Amambay', '2023-08-23 10:40:28', '2023-08-23 10:40:28'),
	(1624, 110, 'Boquerón', '2023-08-23 10:40:28', '2023-08-23 10:40:28'),
	(1625, 110, 'Caaguaz&uacute;', '2023-08-23 10:40:28', '2023-08-23 10:40:28'),
	(1626, 110, 'Caazapá', '2023-08-23 10:40:28', '2023-08-23 10:40:28'),
	(1627, 110, 'Central', '2023-08-23 10:40:28', '2023-08-23 10:40:28'),
	(1628, 110, 'Concepción', '2023-08-23 10:40:28', '2023-08-23 10:40:28'),
	(1629, 110, 'Cordillera', '2023-08-23 10:40:28', '2023-08-23 10:40:28'),
	(1630, 110, 'Guairá', '2023-08-23 10:40:28', '2023-08-23 10:40:28'),
	(1631, 110, 'Itap&uacute;a', '2023-08-23 10:40:28', '2023-08-23 10:40:28'),
	(1632, 110, 'Misiones', '2023-08-23 10:40:28', '2023-08-23 10:40:28'),
	(1633, 110, 'Neembuc&uacute;', '2023-08-23 10:40:28', '2023-08-23 10:40:28'),
	(1634, 110, 'Paraguarí', '2023-08-23 10:40:28', '2023-08-23 10:40:28'),
	(1635, 110, 'Presidente Hayes', '2023-08-23 10:40:28', '2023-08-23 10:40:28'),
	(1636, 110, 'San Pedro', '2023-08-23 10:40:28', '2023-08-23 10:40:28'),
	(1637, 110, 'Alto Paraguay', '2023-08-23 10:40:28', '2023-08-23 10:40:28'),
	(1638, 110, 'Canindey&uacute;', '2023-08-23 10:40:28', '2023-08-23 10:40:28'),
	(1639, 110, 'Chaco', '2023-08-23 10:40:28', '2023-08-23 10:40:28'),
	(1642, 111, 'Artigas', '2023-08-23 10:40:28', '2023-08-23 10:40:28'),
	(1643, 111, 'Canelones', '2023-08-23 10:40:29', '2023-08-23 10:40:29'),
	(1644, 111, 'Cerro Largo', '2023-08-23 10:40:29', '2023-08-23 10:40:29'),
	(1645, 111, 'Colonia', '2023-08-23 10:40:29', '2023-08-23 10:40:29'),
	(1646, 111, 'Durazno', '2023-08-23 10:40:29', '2023-08-23 10:40:29'),
	(1647, 111, 'Flores', '2023-08-23 10:40:29', '2023-08-23 10:40:29'),
	(1648, 111, 'Florida', '2023-08-23 10:40:29', '2023-08-23 10:40:29'),
	(1649, 111, 'Lavalleja', '2023-08-23 10:40:29', '2023-08-23 10:40:29'),
	(1650, 111, 'Maldonado', '2023-08-23 10:40:29', '2023-08-23 10:40:29'),
	(1651, 111, 'Montevideo', '2023-08-23 10:40:29', '2023-08-23 10:40:29'),
	(1652, 111, 'Paysand&uacute;', '2023-08-23 10:40:29', '2023-08-23 10:40:29'),
	(1653, 111, 'Río Negro', '2023-08-23 10:40:29', '2023-08-23 10:40:29'),
	(1654, 111, 'Rivera', '2023-08-23 10:40:29', '2023-08-23 10:40:29'),
	(1655, 111, 'Rocha', '2023-08-23 10:40:29', '2023-08-23 10:40:29'),
	(1656, 111, 'Salto', '2023-08-23 10:40:29', '2023-08-23 10:40:29'),
	(1657, 111, 'San José', '2023-08-23 10:40:29', '2023-08-23 10:40:29'),
	(1658, 111, 'Soriano', '2023-08-23 10:40:29', '2023-08-23 10:40:29'),
	(1659, 111, 'Tacuarembó', '2023-08-23 10:40:29', '2023-08-23 10:40:29'),
	(1660, 111, 'Treinta y Tres', '2023-08-23 10:40:29', '2023-08-23 10:40:29'),
	(1662, 81, 'Región de Tarapacá', '2023-08-23 10:40:29', '2023-08-23 10:40:29'),
	(1663, 81, 'Región de Antofagasta', '2023-08-23 10:40:29', '2023-08-23 10:40:29'),
	(1664, 81, 'Región de Atacama', '2023-08-23 10:40:29', '2023-08-23 10:40:29'),
	(1665, 81, 'Región de Coquimbo', '2023-08-23 10:40:29', '2023-08-23 10:40:29'),
	(1666, 81, 'Región de Valparaíso', '2023-08-23 10:40:29', '2023-08-23 10:40:29'),
	(1667, 81, 'Región del Libertador General Bernardo O&#039;Higgins', '2023-08-23 10:40:29', '2023-08-23 10:40:29'),
	(1668, 81, 'Región del Maule', '2023-08-23 10:40:29', '2023-08-23 10:40:29'),
	(1669, 81, 'Región del Bío Bío', '2023-08-23 10:40:30', '2023-08-23 10:40:30'),
	(1670, 81, 'Región de La Araucanía', '2023-08-23 10:40:30', '2023-08-23 10:40:30'),
	(1671, 81, 'Región de Los Lagos', '2023-08-23 10:40:30', '2023-08-23 10:40:30'),
	(1672, 81, 'Región Aisén del General Carlos Ibáñez del Campo', '2023-08-23 10:40:30', '2023-08-23 10:40:30'),
	(1673, 81, 'Región de Magallanes y de la Antártica Chilena', '2023-08-23 10:40:30', '2023-08-23 10:40:30'),
	(1674, 81, 'Región Metropolitana de Santiago', '2023-08-23 10:40:30', '2023-08-23 10:40:30'),
	(1676, 185, 'Alta Verapaz', '2023-08-23 10:40:30', '2023-08-23 10:40:30'),
	(1677, 185, 'Baja Verapaz', '2023-08-23 10:40:30', '2023-08-23 10:40:30'),
	(1678, 185, 'Chimaltenango', '2023-08-23 10:40:30', '2023-08-23 10:40:30'),
	(1679, 185, 'Chiquimula', '2023-08-23 10:40:30', '2023-08-23 10:40:30'),
	(1680, 185, 'El Progreso', '2023-08-23 10:40:30', '2023-08-23 10:40:30'),
	(1681, 185, 'Escuintla', '2023-08-23 10:40:30', '2023-08-23 10:40:30'),
	(1682, 185, 'Guatemala', '2023-08-23 10:40:30', '2023-08-23 10:40:30'),
	(1683, 185, 'Huehuetenango', '2023-08-23 10:40:30', '2023-08-23 10:40:30'),
	(1684, 185, 'Izabal', '2023-08-23 10:40:30', '2023-08-23 10:40:30'),
	(1685, 185, 'Jalapa', '2023-08-23 10:40:30', '2023-08-23 10:40:30'),
	(1686, 185, 'Jutiapa', '2023-08-23 10:40:30', '2023-08-23 10:40:30'),
	(1687, 185, 'Petén', '2023-08-23 10:40:30', '2023-08-23 10:40:30'),
	(1688, 185, 'Quetzaltenango', '2023-08-23 10:40:30', '2023-08-23 10:40:30'),
	(1689, 185, 'Quiché', '2023-08-23 10:40:30', '2023-08-23 10:40:30'),
	(1690, 185, 'Retalhuleu', '2023-08-23 10:40:30', '2023-08-23 10:40:30'),
	(1691, 185, 'Sacatepéquez', '2023-08-23 10:40:30', '2023-08-23 10:40:30'),
	(1692, 185, 'San Marcos', '2023-08-23 10:40:31', '2023-08-23 10:40:31'),
	(1693, 185, 'Santa Rosa', '2023-08-23 10:40:31', '2023-08-23 10:40:31'),
	(1694, 185, 'Sololá', '2023-08-23 10:40:31', '2023-08-23 10:40:31'),
	(1695, 185, 'Suchitepequez', '2023-08-23 10:40:31', '2023-08-23 10:40:31'),
	(1696, 185, 'Totonicapán', '2023-08-23 10:40:31', '2023-08-23 10:40:31'),
	(1697, 185, 'Zacapa', '2023-08-23 10:40:31', '2023-08-23 10:40:31'),
	(1699, 82, 'Amazonas', '2023-08-23 10:40:31', '2023-08-23 10:40:31'),
	(1700, 82, 'Antioquia', '2023-08-23 10:40:31', '2023-08-23 10:40:31'),
	(1701, 82, 'Arauca', '2023-08-23 10:40:31', '2023-08-23 10:40:31'),
	(1702, 82, 'Atlántico', '2023-08-23 10:40:31', '2023-08-23 10:40:31'),
	(1703, 82, 'Caquetá', '2023-08-23 10:40:31', '2023-08-23 10:40:31'),
	(1704, 82, 'Cauca', '2023-08-23 10:40:31', '2023-08-23 10:40:31'),
	(1705, 82, 'César', '2023-08-23 10:40:31', '2023-08-23 10:40:31'),
	(1706, 82, 'Chocó', '2023-08-23 10:40:31', '2023-08-23 10:40:31'),
	(1707, 82, 'Córdoba', '2023-08-23 10:40:31', '2023-08-23 10:40:31'),
	(1708, 82, 'Guaviare', '2023-08-23 10:40:31', '2023-08-23 10:40:31'),
	(1709, 82, 'Guainía', '2023-08-23 10:40:31', '2023-08-23 10:40:31'),
	(1710, 82, 'Huila', '2023-08-23 10:40:31', '2023-08-23 10:40:31'),
	(1711, 82, 'La Guajira', '2023-08-23 10:40:31', '2023-08-23 10:40:31'),
	(1712, 82, 'Meta', '2023-08-23 10:40:31', '2023-08-23 10:40:31'),
	(1713, 82, 'Narino', '2023-08-23 10:40:31', '2023-08-23 10:40:31'),
	(1714, 82, 'Norte de Santander', '2023-08-23 10:40:31', '2023-08-23 10:40:31'),
	(1715, 82, 'Putumayo', '2023-08-23 10:40:31', '2023-08-23 10:40:31'),
	(1716, 82, 'Quindío', '2023-08-23 10:40:31', '2023-08-23 10:40:31'),
	(1717, 82, 'Risaralda', '2023-08-23 10:40:32', '2023-08-23 10:40:32'),
	(1718, 82, 'San Andrés y Providencia', '2023-08-23 10:40:32', '2023-08-23 10:40:32'),
	(1719, 82, 'Santander', '2023-08-23 10:40:32', '2023-08-23 10:40:32'),
	(1720, 82, 'Sucre', '2023-08-23 10:40:32', '2023-08-23 10:40:32'),
	(1721, 82, 'Tolima', '2023-08-23 10:40:32', '2023-08-23 10:40:32'),
	(1722, 82, 'Valle del Cauca', '2023-08-23 10:40:32', '2023-08-23 10:40:32'),
	(1723, 82, 'Vaupés', '2023-08-23 10:40:32', '2023-08-23 10:40:32'),
	(1724, 82, 'Vichada', '2023-08-23 10:40:32', '2023-08-23 10:40:32'),
	(1725, 82, 'Casanare', '2023-08-23 10:40:32', '2023-08-23 10:40:32'),
	(1726, 82, 'Cundinamarca', '2023-08-23 10:40:32', '2023-08-23 10:40:32'),
	(1727, 82, 'Distrito Especial', '2023-08-23 10:40:32', '2023-08-23 10:40:32'),
	(1730, 82, 'Caldas', '2023-08-23 10:40:32', '2023-08-23 10:40:32'),
	(1731, 82, 'Magdalena', '2023-08-23 10:40:32', '2023-08-23 10:40:32'),
	(1733, 42, 'Aguascalientes', '2023-08-23 10:40:32', '2023-08-23 10:40:32'),
	(1734, 42, 'Baja California', '2023-08-23 10:40:32', '2023-08-23 10:40:32'),
	(1735, 42, 'Baja California Sur', '2023-08-23 10:40:32', '2023-08-23 10:40:32'),
	(1736, 42, 'Campeche', '2023-08-23 10:40:32', '2023-08-23 10:40:32'),
	(1737, 42, 'Chiapas', '2023-08-23 10:40:32', '2023-08-23 10:40:32'),
	(1738, 42, 'Chihuahua', '2023-08-23 10:40:32', '2023-08-23 10:40:32'),
	(1739, 42, 'Coahuila de Zaragoza', '2023-08-23 10:40:32', '2023-08-23 10:40:32'),
	(1740, 42, 'Colima', '2023-08-23 10:40:32', '2023-08-23 10:40:32'),
	(1741, 42, 'Distrito Federal', '2023-08-23 10:40:32', '2023-08-23 10:40:32'),
	(1742, 42, 'Durango', '2023-08-23 10:40:32', '2023-08-23 10:40:32'),
	(1743, 42, 'Guanajuato', '2023-08-23 10:40:32', '2023-08-23 10:40:32'),
	(1744, 42, 'Guerrero', '2023-08-23 10:40:32', '2023-08-23 10:40:32'),
	(1745, 42, 'Hidalgo', '2023-08-23 10:40:33', '2023-08-23 10:40:33'),
	(1746, 42, 'Jalisco', '2023-08-23 10:40:33', '2023-08-23 10:40:33'),
	(1747, 42, 'México', '2023-08-23 10:40:33', '2023-08-23 10:40:33'),
	(1748, 42, 'Michoacán de Ocampo', '2023-08-23 10:40:33', '2023-08-23 10:40:33'),
	(1749, 42, 'Morelos', '2023-08-23 10:40:33', '2023-08-23 10:40:33'),
	(1750, 42, 'Nayarit', '2023-08-23 10:40:33', '2023-08-23 10:40:33'),
	(1751, 42, 'Nuevo León', '2023-08-23 10:40:33', '2023-08-23 10:40:33'),
	(1752, 42, 'Oaxaca', '2023-08-23 10:40:33', '2023-08-23 10:40:33'),
	(1753, 42, 'Puebla', '2023-08-23 10:40:33', '2023-08-23 10:40:33'),
	(1754, 42, 'Querétaro de Arteaga', '2023-08-23 10:40:33', '2023-08-23 10:40:33'),
	(1755, 42, 'Quintana Roo', '2023-08-23 10:40:33', '2023-08-23 10:40:33'),
	(1756, 42, 'San Luis Potosí', '2023-08-23 10:40:33', '2023-08-23 10:40:33'),
	(1757, 42, 'Sinaloa', '2023-08-23 10:40:33', '2023-08-23 10:40:33'),
	(1758, 42, 'Sonora', '2023-08-23 10:40:33', '2023-08-23 10:40:33'),
	(1759, 42, 'Tabasco', '2023-08-23 10:40:33', '2023-08-23 10:40:33'),
	(1760, 42, 'Tamaulipas', '2023-08-23 10:40:33', '2023-08-23 10:40:33'),
	(1761, 42, 'Tlaxcala', '2023-08-23 10:40:33', '2023-08-23 10:40:33'),
	(1762, 42, 'Veracruz-Llave', '2023-08-23 10:40:33', '2023-08-23 10:40:33'),
	(1763, 42, 'Yucatán', '2023-08-23 10:40:33', '2023-08-23 10:40:33'),
	(1764, 42, 'Zacatecas', '2023-08-23 10:40:33', '2023-08-23 10:40:33'),
	(1766, 124, 'Bocas del Toro', '2023-08-23 10:40:33', '2023-08-23 10:40:33'),
	(1767, 124, 'Chiriquí', '2023-08-23 10:40:33', '2023-08-23 10:40:33'),
	(1768, 124, 'Coclé', '2023-08-23 10:40:34', '2023-08-23 10:40:34'),
	(1769, 124, 'Colón', '2023-08-23 10:40:34', '2023-08-23 10:40:34'),
	(1770, 124, 'Darién', '2023-08-23 10:40:34', '2023-08-23 10:40:34'),
	(1771, 124, 'Herrera', '2023-08-23 10:40:34', '2023-08-23 10:40:34'),
	(1772, 124, 'Los Santos', '2023-08-23 10:40:34', '2023-08-23 10:40:34'),
	(1773, 124, 'Panamá', '2023-08-23 10:40:34', '2023-08-23 10:40:34'),
	(1774, 124, 'San Blas', '2023-08-23 10:40:34', '2023-08-23 10:40:34'),
	(1775, 124, 'Veraguas', '2023-08-23 10:40:34', '2023-08-23 10:40:34'),
	(1777, 123, 'Chuquisaca', '2023-08-23 10:40:34', '2023-08-23 10:40:34'),
	(1778, 123, 'Cochabamba', '2023-08-23 10:40:34', '2023-08-23 10:40:34'),
	(1779, 123, 'El Beni', '2023-08-23 10:40:34', '2023-08-23 10:40:34'),
	(1780, 123, 'La Paz', '2023-08-23 10:40:34', '2023-08-23 10:40:34'),
	(1781, 123, 'Oruro', '2023-08-23 10:40:34', '2023-08-23 10:40:34'),
	(1782, 123, 'Pando', '2023-08-23 10:40:34', '2023-08-23 10:40:34'),
	(1783, 123, 'Potosí', '2023-08-23 10:40:34', '2023-08-23 10:40:34'),
	(1784, 123, 'Santa Cruz', '2023-08-23 10:40:34', '2023-08-23 10:40:34'),
	(1785, 123, 'Tarija', '2023-08-23 10:40:34', '2023-08-23 10:40:34'),
	(1787, 36, 'Alajuela', '2023-08-23 10:40:34', '2023-08-23 10:40:34'),
	(1788, 36, 'Cartago', '2023-08-23 10:40:34', '2023-08-23 10:40:34'),
	(1789, 36, 'Guanacaste', '2023-08-23 10:40:34', '2023-08-23 10:40:34'),
	(1790, 36, 'Heredia', '2023-08-23 10:40:35', '2023-08-23 10:40:35'),
	(1791, 36, 'Limón', '2023-08-23 10:40:35', '2023-08-23 10:40:35'),
	(1792, 36, 'Puntarenas', '2023-08-23 10:40:35', '2023-08-23 10:40:35'),
	(1793, 36, 'San José', '2023-08-23 10:40:35', '2023-08-23 10:40:35'),
	(1795, 103, 'Galápagos', '2023-08-23 10:40:35', '2023-08-23 10:40:35'),
	(1796, 103, 'Azuay', '2023-08-23 10:40:35', '2023-08-23 10:40:35'),
	(1797, 103, 'Bolívar', '2023-08-23 10:40:35', '2023-08-23 10:40:35'),
	(1798, 103, 'Canar', '2023-08-23 10:40:35', '2023-08-23 10:40:35'),
	(1799, 103, 'Carchi', '2023-08-23 10:40:35', '2023-08-23 10:40:35'),
	(1800, 103, 'Chimborazo', '2023-08-23 10:40:35', '2023-08-23 10:40:35'),
	(1801, 103, 'Cotopaxi', '2023-08-23 10:40:35', '2023-08-23 10:40:35'),
	(1802, 103, 'El Oro', '2023-08-23 10:40:35', '2023-08-23 10:40:35'),
	(1803, 103, 'Esmeraldas', '2023-08-23 10:40:35', '2023-08-23 10:40:35'),
	(1804, 103, 'Guayas', '2023-08-23 10:40:35', '2023-08-23 10:40:35'),
	(1805, 103, 'Imbabura', '2023-08-23 10:40:35', '2023-08-23 10:40:35'),
	(1806, 103, 'Loja', '2023-08-23 10:40:35', '2023-08-23 10:40:35'),
	(1807, 103, 'Los Ríos', '2023-08-23 10:40:35', '2023-08-23 10:40:35'),
	(1808, 103, 'Manabí', '2023-08-23 10:40:35', '2023-08-23 10:40:35'),
	(1809, 103, 'Morona-Santiago', '2023-08-23 10:40:35', '2023-08-23 10:40:35'),
	(1810, 103, 'Pastaza', '2023-08-23 10:40:35', '2023-08-23 10:40:35'),
	(1811, 103, 'Pichincha', '2023-08-23 10:40:35', '2023-08-23 10:40:35'),
	(1812, 103, 'Tungurahua', '2023-08-23 10:40:35', '2023-08-23 10:40:35'),
	(1813, 103, 'Zamora-Chinchipe', '2023-08-23 10:40:35', '2023-08-23 10:40:35'),
	(1814, 103, 'Sucumbíos', '2023-08-23 10:40:36', '2023-08-23 10:40:36'),
	(1815, 103, 'Napo', '2023-08-23 10:40:36', '2023-08-23 10:40:36'),
	(1816, 103, 'Orellana', '2023-08-23 10:40:36', '2023-08-23 10:40:36'),
	(1818, 5, 'Buenos Aires', '2023-08-23 10:40:36', '2023-08-23 10:40:36'),
	(1819, 5, 'Catamarca', '2023-08-23 10:40:36', '2023-08-23 10:40:36'),
	(1820, 5, 'Chaco', '2023-08-23 10:40:36', '2023-08-23 10:40:36'),
	(1821, 5, 'Chubut', '2023-08-23 10:40:36', '2023-08-23 10:40:36'),
	(1822, 5, 'Córdoba', '2023-08-23 10:40:36', '2023-08-23 10:40:36'),
	(1823, 5, 'Corrientes', '2023-08-23 10:40:36', '2023-08-23 10:40:36'),
	(1824, 5, 'Distrito Federal', '2023-08-23 10:40:36', '2023-08-23 10:40:36'),
	(1825, 5, 'Entre Ríos', '2023-08-23 10:40:36', '2023-08-23 10:40:36'),
	(1826, 5, 'Formosa', '2023-08-23 10:40:36', '2023-08-23 10:40:36'),
	(1827, 5, 'Jujuy', '2023-08-23 10:40:36', '2023-08-23 10:40:36'),
	(1828, 5, 'La Pampa', '2023-08-23 10:40:36', '2023-08-23 10:40:36'),
	(1829, 5, 'La Rioja', '2023-08-23 10:40:36', '2023-08-23 10:40:36'),
	(1830, 5, 'Mendoza', '2023-08-23 10:40:36', '2023-08-23 10:40:36'),
	(1831, 5, 'Misiones', '2023-08-23 10:40:36', '2023-08-23 10:40:36'),
	(1832, 5, 'Neuquén', '2023-08-23 10:40:36', '2023-08-23 10:40:36'),
	(1833, 5, 'Río Negro', '2023-08-23 10:40:36', '2023-08-23 10:40:36'),
	(1834, 5, 'Salta', '2023-08-23 10:40:36', '2023-08-23 10:40:36'),
	(1835, 5, 'San Juan', '2023-08-23 10:40:36', '2023-08-23 10:40:36'),
	(1836, 5, 'San Luis', '2023-08-23 10:40:36', '2023-08-23 10:40:36'),
	(1837, 5, 'Santa Cruz', '2023-08-23 10:40:36', '2023-08-23 10:40:36'),
	(1838, 5, 'Santa Fe', '2023-08-23 10:40:36', '2023-08-23 10:40:36'),
	(1839, 5, 'Santiago del Estero', '2023-08-23 10:40:36', '2023-08-23 10:40:36'),
	(1840, 5, 'Tierra del Fuego', '2023-08-23 10:40:37', '2023-08-23 10:40:37'),
	(1841, 5, 'Tucumán', '2023-08-23 10:40:37', '2023-08-23 10:40:37'),
	(1843, 95, 'Amazonas', '2023-08-23 10:40:37', '2023-08-23 10:40:37'),
	(1844, 95, 'Anzoategui', '2023-08-23 10:40:37', '2023-08-23 10:40:37'),
	(1845, 95, 'Apure', '2023-08-23 10:40:37', '2023-08-23 10:40:37'),
	(1846, 95, 'Aragua', '2023-08-23 10:40:37', '2023-08-23 10:40:37'),
	(1847, 95, 'Barinas', '2023-08-23 10:40:37', '2023-08-23 10:40:37'),
	(1848, 95, 'Bolívar', '2023-08-23 10:40:37', '2023-08-23 10:40:37'),
	(1849, 95, 'Carabobo', '2023-08-23 10:40:37', '2023-08-23 10:40:37'),
	(1850, 95, 'Cojedes', '2023-08-23 10:40:37', '2023-08-23 10:40:37'),
	(1851, 95, 'Delta Amacuro', '2023-08-23 10:40:37', '2023-08-23 10:40:37'),
	(1852, 95, 'Falcón', '2023-08-23 10:40:37', '2023-08-23 10:40:37'),
	(1853, 95, 'Guárico', '2023-08-23 10:40:37', '2023-08-23 10:40:37'),
	(1854, 95, 'Lara', '2023-08-23 10:40:37', '2023-08-23 10:40:37'),
	(1855, 95, 'Mérida', '2023-08-23 10:40:37', '2023-08-23 10:40:37'),
	(1856, 95, 'Miranda', '2023-08-23 10:40:37', '2023-08-23 10:40:37'),
	(1857, 95, 'Monagas', '2023-08-23 10:40:37', '2023-08-23 10:40:37'),
	(1858, 95, 'Nueva Esparta', '2023-08-23 10:40:37', '2023-08-23 10:40:37'),
	(1859, 95, 'Portuguesa', '2023-08-23 10:40:37', '2023-08-23 10:40:37'),
	(1860, 95, 'Sucre', '2023-08-23 10:40:37', '2023-08-23 10:40:37'),
	(1861, 95, 'Táchira', '2023-08-23 10:40:37', '2023-08-23 10:40:37'),
	(1862, 95, 'Trujillo', '2023-08-23 10:40:37', '2023-08-23 10:40:37'),
	(1863, 95, 'Yaracuy', '2023-08-23 10:40:37', '2023-08-23 10:40:37'),
	(1864, 95, 'Zulia', '2023-08-23 10:40:37', '2023-08-23 10:40:37'),
	(1865, 95, 'Dependencias Federales', '2023-08-23 10:40:37', '2023-08-23 10:40:37'),
	(1866, 95, 'Distrito Capital', '2023-08-23 10:40:37', '2023-08-23 10:40:37'),
	(1867, 95, 'Vargas', '2023-08-23 10:40:38', '2023-08-23 10:40:38'),
	(1869, 209, 'Boaco', '2023-08-23 10:40:38', '2023-08-23 10:40:38'),
	(1870, 209, 'Carazo', '2023-08-23 10:40:38', '2023-08-23 10:40:38'),
	(1871, 209, 'Chinandega', '2023-08-23 10:40:38', '2023-08-23 10:40:38'),
	(1872, 209, 'Chontales', '2023-08-23 10:40:38', '2023-08-23 10:40:38'),
	(1873, 209, 'Estelí', '2023-08-23 10:40:38', '2023-08-23 10:40:38'),
	(1874, 209, 'Granada', '2023-08-23 10:40:38', '2023-08-23 10:40:38'),
	(1875, 209, 'Jinotega', '2023-08-23 10:40:38', '2023-08-23 10:40:38'),
	(1876, 209, 'León', '2023-08-23 10:40:38', '2023-08-23 10:40:38'),
	(1877, 209, 'Madriz', '2023-08-23 10:40:38', '2023-08-23 10:40:38'),
	(1878, 209, 'Managua', '2023-08-23 10:40:38', '2023-08-23 10:40:38'),
	(1879, 209, 'Masaya', '2023-08-23 10:40:38', '2023-08-23 10:40:38'),
	(1880, 209, 'Matagalpa', '2023-08-23 10:40:38', '2023-08-23 10:40:38'),
	(1881, 209, 'Nueva Segovia', '2023-08-23 10:40:38', '2023-08-23 10:40:38'),
	(1882, 209, 'Rio San Juan', '2023-08-23 10:40:38', '2023-08-23 10:40:38'),
	(1883, 209, 'Rivas', '2023-08-23 10:40:38', '2023-08-23 10:40:38'),
	(1884, 209, 'Zelaya', '2023-08-23 10:40:38', '2023-08-23 10:40:38'),
	(1886, 113, 'Pinar del Rio', '2023-08-23 10:40:38', '2023-08-23 10:40:38'),
	(1887, 113, 'Ciudad de la Habana', '2023-08-23 10:40:38', '2023-08-23 10:40:38'),
	(1888, 113, 'Matanzas', '2023-08-23 10:40:38', '2023-08-23 10:40:38'),
	(1889, 113, 'Isla de la Juventud', '2023-08-23 10:40:38', '2023-08-23 10:40:38'),
	(1890, 113, 'Camaguey', '2023-08-23 10:40:38', '2023-08-23 10:40:38'),
	(1891, 113, 'Ciego de Avila', '2023-08-23 10:40:38', '2023-08-23 10:40:38'),
	(1892, 113, 'Cienfuegos', '2023-08-23 10:40:38', '2023-08-23 10:40:38'),
	(1893, 113, 'Granma', '2023-08-23 10:40:39', '2023-08-23 10:40:39'),
	(1894, 113, 'Guantanamo', '2023-08-23 10:40:39', '2023-08-23 10:40:39'),
	(1895, 113, 'La Habana', '2023-08-23 10:40:39', '2023-08-23 10:40:39'),
	(1896, 113, 'Holguin', '2023-08-23 10:40:39', '2023-08-23 10:40:39'),
	(1897, 113, 'Las Tunas', '2023-08-23 10:40:39', '2023-08-23 10:40:39'),
	(1898, 113, 'Sancti Spiritus', '2023-08-23 10:40:39', '2023-08-23 10:40:39'),
	(1899, 113, 'Santiago de Cuba', '2023-08-23 10:40:39', '2023-08-23 10:40:39'),
	(1900, 113, 'Villa Clara', '2023-08-23 10:40:39', '2023-08-23 10:40:39'),
	(1901, 12, 'Acre', '2023-08-23 10:40:39', '2023-08-23 10:40:39'),
	(1902, 12, 'Alagoas', '2023-08-23 10:40:39', '2023-08-23 10:40:39'),
	(1903, 12, 'Amapa', '2023-08-23 10:40:39', '2023-08-23 10:40:39'),
	(1904, 12, 'Amazonas', '2023-08-23 10:40:39', '2023-08-23 10:40:39'),
	(1905, 12, 'Bahia', '2023-08-23 10:40:39', '2023-08-23 10:40:39'),
	(1906, 12, 'Ceara', '2023-08-23 10:40:39', '2023-08-23 10:40:39'),
	(1907, 12, 'Distrito Federal', '2023-08-23 10:40:39', '2023-08-23 10:40:39'),
	(1908, 12, 'Espirito Santo', '2023-08-23 10:40:39', '2023-08-23 10:40:39'),
	(1909, 12, 'Mato Grosso do Sul', '2023-08-23 10:40:39', '2023-08-23 10:40:39'),
	(1910, 12, 'Maranhao', '2023-08-23 10:40:39', '2023-08-23 10:40:39'),
	(1911, 12, 'Mato Grosso', '2023-08-23 10:40:39', '2023-08-23 10:40:39'),
	(1912, 12, 'Minas Gerais', '2023-08-23 10:40:39', '2023-08-23 10:40:39'),
	(1913, 12, 'Para', '2023-08-23 10:40:40', '2023-08-23 10:40:40'),
	(1914, 12, 'Paraiba', '2023-08-23 10:40:40', '2023-08-23 10:40:40'),
	(1915, 12, 'Parana', '2023-08-23 10:40:40', '2023-08-23 10:40:40'),
	(1916, 12, 'Piaui', '2023-08-23 10:40:40', '2023-08-23 10:40:40'),
	(1917, 12, 'Rio de Janeiro', '2023-08-23 10:40:40', '2023-08-23 10:40:40'),
	(1918, 12, 'Rio Grande do Norte', '2023-08-23 10:40:40', '2023-08-23 10:40:40'),
	(1919, 12, 'Rio Grande do Sul', '2023-08-23 10:40:40', '2023-08-23 10:40:40'),
	(1920, 12, 'Rondonia', '2023-08-23 10:40:40', '2023-08-23 10:40:40'),
	(1921, 12, 'Roraima', '2023-08-23 10:40:40', '2023-08-23 10:40:40'),
	(1922, 12, 'Santa Catarina', '2023-08-23 10:40:40', '2023-08-23 10:40:40'),
	(1923, 12, 'Sao Paulo', '2023-08-23 10:40:40', '2023-08-23 10:40:40'),
	(1924, 12, 'Sergipe', '2023-08-23 10:40:40', '2023-08-23 10:40:40'),
	(1925, 12, 'Goias', '2023-08-23 10:40:40', '2023-08-23 10:40:40'),
	(1926, 12, 'Pernambuco', '2023-08-23 10:40:40', '2023-08-23 10:40:40'),
	(1927, 12, 'Tocantins', '2023-08-23 10:40:40', '2023-08-23 10:40:40'),
	(1930, 83, 'Akureyri', '2023-08-23 10:40:40', '2023-08-23 10:40:40'),
	(1931, 83, 'Arnessysla', '2023-08-23 10:40:40', '2023-08-23 10:40:40'),
	(1932, 83, 'Austur-Bardastrandarsysla', '2023-08-23 10:40:40', '2023-08-23 10:40:40'),
	(1933, 83, 'Austur-Hunavatnssysla', '2023-08-23 10:40:40', '2023-08-23 10:40:40'),
	(1934, 83, 'Austur-Skaftafellssysla', '2023-08-23 10:40:40', '2023-08-23 10:40:40'),
	(1935, 83, 'Borgarfjardarsysla', '2023-08-23 10:40:40', '2023-08-23 10:40:40'),
	(1936, 83, 'Dalasysla', '2023-08-23 10:40:40', '2023-08-23 10:40:40'),
	(1937, 83, 'Eyjafjardarsysla', '2023-08-23 10:40:40', '2023-08-23 10:40:40'),
	(1938, 83, 'Gullbringusysla', '2023-08-23 10:40:40', '2023-08-23 10:40:40'),
	(1939, 83, 'Hafnarfjordur', '2023-08-23 10:40:41', '2023-08-23 10:40:41'),
	(1943, 83, 'Kjosarsysla', '2023-08-23 10:40:41', '2023-08-23 10:40:41'),
	(1944, 83, 'Kopavogur', '2023-08-23 10:40:41', '2023-08-23 10:40:41'),
	(1945, 83, 'Myrasysla', '2023-08-23 10:40:41', '2023-08-23 10:40:41'),
	(1946, 83, 'Neskaupstadur', '2023-08-23 10:40:41', '2023-08-23 10:40:41'),
	(1947, 83, 'Nordur-Isafjardarsysla', '2023-08-23 10:40:41', '2023-08-23 10:40:41'),
	(1948, 83, 'Nordur-Mulasysla', '2023-08-23 10:40:41', '2023-08-23 10:40:41'),
	(1949, 83, 'Nordur-Tingeyjarsysla', '2023-08-23 10:40:41', '2023-08-23 10:40:41'),
	(1950, 83, 'Olafsfjordur', '2023-08-23 10:40:41', '2023-08-23 10:40:41'),
	(1951, 83, 'Rangarvallasysla', '2023-08-23 10:40:41', '2023-08-23 10:40:41'),
	(1952, 83, 'Reykjavik', '2023-08-23 10:40:41', '2023-08-23 10:40:41'),
	(1953, 83, 'Saudarkrokur', '2023-08-23 10:40:41', '2023-08-23 10:40:41'),
	(1954, 83, 'Seydisfjordur', '2023-08-23 10:40:41', '2023-08-23 10:40:41'),
	(1956, 83, 'Skagafjardarsysla', '2023-08-23 10:40:41', '2023-08-23 10:40:41'),
	(1957, 83, 'Snafellsnes- og Hnappadalssysla', '2023-08-23 10:40:41', '2023-08-23 10:40:41'),
	(1958, 83, 'Strandasysla', '2023-08-23 10:40:41', '2023-08-23 10:40:41'),
	(1959, 83, 'Sudur-Mulasysla', '2023-08-23 10:40:42', '2023-08-23 10:40:42'),
	(1960, 83, 'Sudur-Tingeyjarsysla', '2023-08-23 10:40:42', '2023-08-23 10:40:42'),
	(1961, 83, 'Vestmannaeyjar', '2023-08-23 10:40:42', '2023-08-23 10:40:42'),
	(1962, 83, 'Vestur-Bardastrandarsysla', '2023-08-23 10:40:42', '2023-08-23 10:40:42'),
	(1964, 83, 'Vestur-Isafjardarsysla', '2023-08-23 10:40:42', '2023-08-23 10:40:42'),
	(1965, 83, 'Vestur-Skaftafellssysla', '2023-08-23 10:40:42', '2023-08-23 10:40:42'),
	(1966, 35, 'Anhui', '2023-08-23 10:40:42', '2023-08-23 10:40:42'),
	(1967, 35, 'Zhejiang', '2023-08-23 10:40:42', '2023-08-23 10:40:42'),
	(1968, 35, 'Jiangxi', '2023-08-23 10:40:42', '2023-08-23 10:40:42'),
	(1969, 35, 'Jiangsu', '2023-08-23 10:40:42', '2023-08-23 10:40:42'),
	(1970, 35, 'Jilin', '2023-08-23 10:40:42', '2023-08-23 10:40:42'),
	(1971, 35, 'Qinghai', '2023-08-23 10:40:42', '2023-08-23 10:40:42'),
	(1972, 35, 'Fujian', '2023-08-23 10:40:42', '2023-08-23 10:40:42'),
	(1973, 35, 'Heilongjiang', '2023-08-23 10:40:42', '2023-08-23 10:40:42'),
	(1974, 35, 'Henan', '2023-08-23 10:40:42', '2023-08-23 10:40:42'),
	(1975, 35, 'Hebei', '2023-08-23 10:40:42', '2023-08-23 10:40:42'),
	(1976, 35, 'Hunan', '2023-08-23 10:40:42', '2023-08-23 10:40:42'),
	(1977, 35, 'Hubei', '2023-08-23 10:40:42', '2023-08-23 10:40:42'),
	(1978, 35, 'Xinjiang', '2023-08-23 10:40:42', '2023-08-23 10:40:42'),
	(1979, 35, 'Xizang', '2023-08-23 10:40:42', '2023-08-23 10:40:42'),
	(1980, 35, 'Gansu', '2023-08-23 10:40:42', '2023-08-23 10:40:42'),
	(1981, 35, 'Guangxi', '2023-08-23 10:40:42', '2023-08-23 10:40:42'),
	(1982, 35, 'Guizhou', '2023-08-23 10:40:42', '2023-08-23 10:40:42'),
	(1983, 35, 'Liaoning', '2023-08-23 10:40:42', '2023-08-23 10:40:42'),
	(1984, 35, 'Nei Mongol', '2023-08-23 10:40:43', '2023-08-23 10:40:43'),
	(1985, 35, 'Ningxia', '2023-08-23 10:40:43', '2023-08-23 10:40:43'),
	(1986, 35, 'Beijing', '2023-08-23 10:40:43', '2023-08-23 10:40:43'),
	(1987, 35, 'Shanghai', '2023-08-23 10:40:43', '2023-08-23 10:40:43'),
	(1988, 35, 'Shanxi', '2023-08-23 10:40:43', '2023-08-23 10:40:43'),
	(1989, 35, 'Shandong', '2023-08-23 10:40:43', '2023-08-23 10:40:43'),
	(1990, 35, 'Shaanxi', '2023-08-23 10:40:43', '2023-08-23 10:40:43'),
	(1991, 35, 'Sichuan', '2023-08-23 10:40:43', '2023-08-23 10:40:43'),
	(1992, 35, 'Tianjin', '2023-08-23 10:40:43', '2023-08-23 10:40:43'),
	(1993, 35, 'Yunnan', '2023-08-23 10:40:43', '2023-08-23 10:40:43'),
	(1994, 35, 'Guangdong', '2023-08-23 10:40:43', '2023-08-23 10:40:43'),
	(1995, 35, 'Hainan', '2023-08-23 10:40:43', '2023-08-23 10:40:43'),
	(1996, 35, 'Chongqing', '2023-08-23 10:40:43', '2023-08-23 10:40:43'),
	(1997, 97, 'Central', '2023-08-23 10:40:43', '2023-08-23 10:40:43'),
	(1998, 97, 'Coast', '2023-08-23 10:40:43', '2023-08-23 10:40:43'),
	(1999, 97, 'Eastern', '2023-08-23 10:40:43', '2023-08-23 10:40:43'),
	(2000, 97, 'Nairobi Area', '2023-08-23 10:40:43', '2023-08-23 10:40:43'),
	(2001, 97, 'North-Eastern', '2023-08-23 10:40:43', '2023-08-23 10:40:43'),
	(2002, 97, 'Nyanza', '2023-08-23 10:40:43', '2023-08-23 10:40:43'),
	(2003, 97, 'Rift Valley', '2023-08-23 10:40:43', '2023-08-23 10:40:43'),
	(2004, 97, 'Western', '2023-08-23 10:40:43', '2023-08-23 10:40:43'),
	(2006, 195, 'Gilbert Islands', '2023-08-23 10:40:43', '2023-08-23 10:40:43'),
	(2007, 195, 'Line Islands', '2023-08-23 10:40:43', '2023-08-23 10:40:43'),
	(2008, 195, 'Phoenix Islands', '2023-08-23 10:40:43', '2023-08-23 10:40:43'),
	(2010, 1, 'Australian Capital Territory', '2023-08-23 10:40:43', '2023-08-23 10:40:43'),
	(2011, 1, 'New South Wales', '2023-08-23 10:40:43', '2023-08-23 10:40:43'),
	(2012, 1, 'Northern Territory', '2023-08-23 10:40:43', '2023-08-23 10:40:43'),
	(2013, 1, 'Queensland', '2023-08-23 10:40:43', '2023-08-23 10:40:43'),
	(2014, 1, 'South Australia', '2023-08-23 10:40:43', '2023-08-23 10:40:43'),
	(2015, 1, 'Tasmania', '2023-08-23 10:40:44', '2023-08-23 10:40:44'),
	(2016, 1, 'Victoria', '2023-08-23 10:40:44', '2023-08-23 10:40:44'),
	(2017, 1, 'Western Australia', '2023-08-23 10:40:44', '2023-08-23 10:40:44'),
	(2018, 27, 'Dublin', '2023-08-23 10:40:44', '2023-08-23 10:40:44'),
	(2019, 27, 'Galway', '2023-08-23 10:40:44', '2023-08-23 10:40:44'),
	(2020, 27, 'Kildare', '2023-08-23 10:40:44', '2023-08-23 10:40:44'),
	(2021, 27, 'Leitrim', '2023-08-23 10:40:44', '2023-08-23 10:40:44'),
	(2022, 27, 'Limerick', '2023-08-23 10:40:44', '2023-08-23 10:40:44'),
	(2023, 27, 'Mayo', '2023-08-23 10:40:44', '2023-08-23 10:40:44'),
	(2024, 27, 'Meath', '2023-08-23 10:40:44', '2023-08-23 10:40:44'),
	(2025, 27, 'Carlow', '2023-08-23 10:40:44', '2023-08-23 10:40:44'),
	(2026, 27, 'Kilkenny', '2023-08-23 10:40:44', '2023-08-23 10:40:44'),
	(2027, 27, 'Laois', '2023-08-23 10:40:44', '2023-08-23 10:40:44'),
	(2028, 27, 'Longford', '2023-08-23 10:40:44', '2023-08-23 10:40:44'),
	(2029, 27, 'Louth', '2023-08-23 10:40:44', '2023-08-23 10:40:44'),
	(2030, 27, 'Offaly', '2023-08-23 10:40:44', '2023-08-23 10:40:44'),
	(2031, 27, 'Westmeath', '2023-08-23 10:40:44', '2023-08-23 10:40:44'),
	(2032, 27, 'Wexford', '2023-08-23 10:40:44', '2023-08-23 10:40:44'),
	(2033, 27, 'Wicklow', '2023-08-23 10:40:44', '2023-08-23 10:40:44'),
	(2034, 27, 'Roscommon', '2023-08-23 10:40:44', '2023-08-23 10:40:44'),
	(2035, 27, 'Sligo', '2023-08-23 10:40:44', '2023-08-23 10:40:44'),
	(2036, 27, 'Clare', '2023-08-23 10:40:44', '2023-08-23 10:40:44'),
	(2037, 27, 'Cork', '2023-08-23 10:40:44', '2023-08-23 10:40:44'),
	(2038, 27, 'Kerry', '2023-08-23 10:40:44', '2023-08-23 10:40:44'),
	(2039, 27, 'Tipperary', '2023-08-23 10:40:44', '2023-08-23 10:40:44'),
	(2040, 27, 'Waterford', '2023-08-23 10:40:44', '2023-08-23 10:40:44'),
	(2041, 27, 'Cavan', '2023-08-23 10:40:44', '2023-08-23 10:40:44'),
	(2042, 27, 'Donegal', '2023-08-23 10:40:44', '2023-08-23 10:40:44'),
	(2043, 27, 'Monaghan', '2023-08-23 10:40:44', '2023-08-23 10:40:44'),
	(2044, 50, 'Karachaeva-Cherkesskaya Respublica', '2023-08-23 10:40:44', '2023-08-23 10:40:44'),
	(2045, 50, 'Raimirskii Dolgano-Nenetskii) AO', '2023-08-23 10:40:44', '2023-08-23 10:40:44'),
	(2046, 50, 'Respublica Tiva', '2023-08-23 10:40:44', '2023-08-23 10:40:44'),
	(2047, 32, 'Newfoundland', '2023-08-23 10:40:45', '2023-08-23 10:40:45'),
	(2048, 32, 'Nova Scotia', '2023-08-23 10:40:45', '2023-08-23 10:40:45'),
	(2049, 32, 'Prince Edward Island', '2023-08-23 10:40:45', '2023-08-23 10:40:45'),
	(2050, 32, 'New Brunswick', '2023-08-23 10:40:45', '2023-08-23 10:40:45'),
	(2051, 32, 'Quebec', '2023-08-23 10:40:45', '2023-08-23 10:40:45'),
	(2052, 32, 'Ontario', '2023-08-23 10:40:45', '2023-08-23 10:40:45'),
	(2053, 32, 'Manitoba', '2023-08-23 10:40:45', '2023-08-23 10:40:45'),
	(2054, 32, 'Saskatchewan', '2023-08-23 10:40:45', '2023-08-23 10:40:45'),
	(2055, 32, 'Alberta', '2023-08-23 10:40:45', '2023-08-23 10:40:45'),
	(2056, 32, 'British Columbia', '2023-08-23 10:40:45', '2023-08-23 10:40:45'),
	(2057, 32, 'Nunavut', '2023-08-23 10:40:45', '2023-08-23 10:40:45'),
	(2058, 32, 'Northwest Territories', '2023-08-23 10:40:45', '2023-08-23 10:40:45'),
	(2059, 32, 'Yukon Territory', '2023-08-23 10:40:45', '2023-08-23 10:40:45'),
	(2060, 19, 'Drenthe', '2023-08-23 10:40:45', '2023-08-23 10:40:45'),
	(2061, 19, 'Friesland', '2023-08-23 10:40:45', '2023-08-23 10:40:45'),
	(2062, 19, 'Gelderland', '2023-08-23 10:40:45', '2023-08-23 10:40:45'),
	(2063, 19, 'Groningen', '2023-08-23 10:40:45', '2023-08-23 10:40:45'),
	(2064, 19, 'Limburg', '2023-08-23 10:40:45', '2023-08-23 10:40:45'),
	(2065, 19, 'Noord-Brabant', '2023-08-23 10:40:45', '2023-08-23 10:40:45'),
	(2066, 19, 'Noord-Holland', '2023-08-23 10:40:45', '2023-08-23 10:40:45'),
	(2067, 19, 'Utrecht', '2023-08-23 10:40:45', '2023-08-23 10:40:45'),
	(2068, 19, 'Zeeland', '2023-08-23 10:40:45', '2023-08-23 10:40:45'),
	(2069, 19, 'Zuid-Holland', '2023-08-23 10:40:45', '2023-08-23 10:40:45'),
	(2071, 19, 'Overijssel', '2023-08-23 10:40:45', '2023-08-23 10:40:45'),
	(2072, 19, 'Flevoland', '2023-08-23 10:40:45', '2023-08-23 10:40:45'),
	(2073, 138, 'Duarte', '2023-08-23 10:40:45', '2023-08-23 10:40:45'),
	(2074, 138, 'Puerto Plata', '2023-08-23 10:40:45', '2023-08-23 10:40:45'),
	(2075, 138, 'Valverde', '2023-08-23 10:40:45', '2023-08-23 10:40:45'),
	(2076, 138, 'María Trinidad Sánchez', '2023-08-23 10:40:45', '2023-08-23 10:40:45'),
	(2077, 138, 'Azua', '2023-08-23 10:40:45', '2023-08-23 10:40:45'),
	(2078, 138, 'Santiago', '2023-08-23 10:40:46', '2023-08-23 10:40:46'),
	(2079, 138, 'San Cristóbal', '2023-08-23 10:40:46', '2023-08-23 10:40:46'),
	(2080, 138, 'Peravia', '2023-08-23 10:40:46', '2023-08-23 10:40:46'),
	(2081, 138, 'Elías Piña', '2023-08-23 10:40:46', '2023-08-23 10:40:46'),
	(2082, 138, 'Barahona', '2023-08-23 10:40:46', '2023-08-23 10:40:46'),
	(2083, 138, 'Monte Plata', '2023-08-23 10:40:46', '2023-08-23 10:40:46'),
	(2084, 138, 'Salcedo', '2023-08-23 10:40:46', '2023-08-23 10:40:46'),
	(2085, 138, 'La Altagracia', '2023-08-23 10:40:46', '2023-08-23 10:40:46'),
	(2086, 138, 'San Juan', '2023-08-23 10:40:46', '2023-08-23 10:40:46'),
	(2087, 138, 'Monseñor Nouel', '2023-08-23 10:40:46', '2023-08-23 10:40:46'),
	(2088, 138, 'Monte Cristi', '2023-08-23 10:40:46', '2023-08-23 10:40:46'),
	(2089, 138, 'Espaillat', '2023-08-23 10:40:46', '2023-08-23 10:40:46'),
	(2090, 138, 'Sánchez Ramírez', '2023-08-23 10:40:46', '2023-08-23 10:40:46'),
	(2091, 138, 'La Vega', '2023-08-23 10:40:46', '2023-08-23 10:40:46'),
	(2092, 138, 'San Pedro de Macorís', '2023-08-23 10:40:46', '2023-08-23 10:40:46'),
	(2093, 138, 'Independencia', '2023-08-23 10:40:46', '2023-08-23 10:40:46'),
	(2094, 138, 'Dajabón', '2023-08-23 10:40:46', '2023-08-23 10:40:46'),
	(2095, 138, 'Baoruco', '2023-08-23 10:40:46', '2023-08-23 10:40:46'),
	(2096, 138, 'El Seibo', '2023-08-23 10:40:46', '2023-08-23 10:40:46'),
	(2097, 138, 'Hato Mayor', '2023-08-23 10:40:46', '2023-08-23 10:40:46'),
	(2098, 138, 'La Romana', '2023-08-23 10:40:46', '2023-08-23 10:40:46'),
	(2099, 138, 'Pedernales', '2023-08-23 10:40:46', '2023-08-23 10:40:46'),
	(2100, 138, 'Samaná', '2023-08-23 10:40:46', '2023-08-23 10:40:46'),
	(2101, 138, 'Santiago Rodríguez', '2023-08-23 10:40:46', '2023-08-23 10:40:46'),
	(2102, 138, 'San José de Ocoa', '2023-08-23 10:40:46', '2023-08-23 10:40:46'),
	(2103, 70, 'Chiba', '2023-08-23 10:40:46', '2023-08-23 10:40:46'),
	(2104, 70, 'Ehime', '2023-08-23 10:40:46', '2023-08-23 10:40:46'),
	(2105, 70, 'Oita', '2023-08-23 10:40:46', '2023-08-23 10:40:46'),
	(2106, 85, 'Skopje', '2023-08-23 10:40:46', '2023-08-23 10:40:46'),
	(2108, 35, 'Schanghai', '2023-08-23 10:40:47', '2023-08-23 10:40:47'),
	(2109, 35, 'Hongkong', '2023-08-23 10:40:47', '2023-08-23 10:40:47'),
	(2110, 35, 'Neimenggu', '2023-08-23 10:40:47', '2023-08-23 10:40:47'),
	(2111, 35, 'Aomen', '2023-08-23 10:40:47', '2023-08-23 10:40:47'),
	(2112, 92, 'Amnat Charoen', '2023-08-23 10:40:47', '2023-08-23 10:40:47'),
	(2113, 92, 'Ang Thong', '2023-08-23 10:40:47', '2023-08-23 10:40:47'),
	(2114, 92, 'Bangkok', '2023-08-23 10:40:47', '2023-08-23 10:40:47'),
	(2115, 92, 'Buri Ram', '2023-08-23 10:40:47', '2023-08-23 10:40:47'),
	(2116, 92, 'Chachoengsao', '2023-08-23 10:40:47', '2023-08-23 10:40:47'),
	(2117, 92, 'Chai Nat', '2023-08-23 10:40:47', '2023-08-23 10:40:47'),
	(2118, 92, 'Chaiyaphum', '2023-08-23 10:40:47', '2023-08-23 10:40:47'),
	(2119, 92, 'Chanthaburi', '2023-08-23 10:40:47', '2023-08-23 10:40:47'),
	(2120, 92, 'Chiang Mai', '2023-08-23 10:40:47', '2023-08-23 10:40:47'),
	(2121, 92, 'Chiang Rai', '2023-08-23 10:40:47', '2023-08-23 10:40:47'),
	(2122, 92, 'Chon Buri', '2023-08-23 10:40:47', '2023-08-23 10:40:47'),
	(2124, 92, 'Kalasin', '2023-08-23 10:40:47', '2023-08-23 10:40:47'),
	(2126, 92, 'Kanchanaburi', '2023-08-23 10:40:47', '2023-08-23 10:40:47'),
	(2127, 92, 'Khon Kaen', '2023-08-23 10:40:47', '2023-08-23 10:40:47'),
	(2128, 92, 'Krabi', '2023-08-23 10:40:47', '2023-08-23 10:40:47'),
	(2129, 92, 'Lampang', '2023-08-23 10:40:47', '2023-08-23 10:40:47'),
	(2131, 92, 'Loei', '2023-08-23 10:40:47', '2023-08-23 10:40:47'),
	(2132, 92, 'Lop Buri', '2023-08-23 10:40:47', '2023-08-23 10:40:47'),
	(2133, 92, 'Mae Hong Son', '2023-08-23 10:40:47', '2023-08-23 10:40:47'),
	(2134, 92, 'Maha Sarakham', '2023-08-23 10:40:47', '2023-08-23 10:40:47'),
	(2137, 92, 'Nakhon Pathom', '2023-08-23 10:40:47', '2023-08-23 10:40:47'),
	(2139, 92, 'Nakhon Ratchasima', '2023-08-23 10:40:47', '2023-08-23 10:40:47'),
	(2140, 92, 'Nakhon Sawan', '2023-08-23 10:40:47', '2023-08-23 10:40:47'),
	(2141, 92, 'Nakhon Si Thammarat', '2023-08-23 10:40:47', '2023-08-23 10:40:47'),
	(2143, 92, 'Narathiwat', '2023-08-23 10:40:47', '2023-08-23 10:40:47'),
	(2144, 92, 'Nong Bua Lam Phu', '2023-08-23 10:40:47', '2023-08-23 10:40:47'),
	(2145, 92, 'Nong Khai', '2023-08-23 10:40:48', '2023-08-23 10:40:48'),
	(2146, 92, 'Nonthaburi', '2023-08-23 10:40:48', '2023-08-23 10:40:48'),
	(2147, 92, 'Pathum Thani', '2023-08-23 10:40:48', '2023-08-23 10:40:48'),
	(2148, 92, 'Pattani', '2023-08-23 10:40:48', '2023-08-23 10:40:48'),
	(2149, 92, 'Phangnga', '2023-08-23 10:40:48', '2023-08-23 10:40:48'),
	(2150, 92, 'Phatthalung', '2023-08-23 10:40:48', '2023-08-23 10:40:48'),
	(2154, 92, 'Phichit', '2023-08-23 10:40:48', '2023-08-23 10:40:48'),
	(2155, 92, 'Phitsanulok', '2023-08-23 10:40:48', '2023-08-23 10:40:48'),
	(2156, 92, 'Phra Nakhon Si Ayutthaya', '2023-08-23 10:40:48', '2023-08-23 10:40:48'),
	(2157, 92, 'Phrae', '2023-08-23 10:40:48', '2023-08-23 10:40:48'),
	(2158, 92, 'Phuket', '2023-08-23 10:40:48', '2023-08-23 10:40:48'),
	(2159, 92, 'Prachin Buri', '2023-08-23 10:40:48', '2023-08-23 10:40:48'),
	(2160, 92, 'Prachuap Khiri Khan', '2023-08-23 10:40:48', '2023-08-23 10:40:48'),
	(2162, 92, 'Ratchaburi', '2023-08-23 10:40:48', '2023-08-23 10:40:48'),
	(2163, 92, 'Rayong', '2023-08-23 10:40:48', '2023-08-23 10:40:48'),
	(2164, 92, 'Roi Et', '2023-08-23 10:40:48', '2023-08-23 10:40:48'),
	(2165, 92, 'Sa Kaeo', '2023-08-23 10:40:48', '2023-08-23 10:40:48'),
	(2166, 92, 'Sakon Nakhon', '2023-08-23 10:40:48', '2023-08-23 10:40:48'),
	(2167, 92, 'Samut Prakan', '2023-08-23 10:40:48', '2023-08-23 10:40:48'),
	(2168, 92, 'Samut Sakhon', '2023-08-23 10:40:48', '2023-08-23 10:40:48'),
	(2169, 92, 'Samut Songkhran', '2023-08-23 10:40:48', '2023-08-23 10:40:48'),
	(2170, 92, 'Saraburi', '2023-08-23 10:40:48', '2023-08-23 10:40:48'),
	(2172, 92, 'Si Sa Ket', '2023-08-23 10:40:48', '2023-08-23 10:40:48'),
	(2173, 92, 'Sing Buri', '2023-08-23 10:40:48', '2023-08-23 10:40:48'),
	(2174, 92, 'Songkhla', '2023-08-23 10:40:48', '2023-08-23 10:40:48'),
	(2175, 92, 'Sukhothai', '2023-08-23 10:40:48', '2023-08-23 10:40:48'),
	(2176, 92, 'Suphan Buri', '2023-08-23 10:40:48', '2023-08-23 10:40:48'),
	(2177, 92, 'Surat Thani', '2023-08-23 10:40:48', '2023-08-23 10:40:48'),
	(2178, 92, 'Surin', '2023-08-23 10:40:48', '2023-08-23 10:40:48'),
	(2180, 92, 'Trang', '2023-08-23 10:40:48', '2023-08-23 10:40:48'),
	(2182, 92, 'Ubon Ratchathani', '2023-08-23 10:40:48', '2023-08-23 10:40:48'),
	(2183, 92, 'Udon Thani', '2023-08-23 10:40:49', '2023-08-23 10:40:49'),
	(2184, 92, 'Uthai Thani', '2023-08-23 10:40:49', '2023-08-23 10:40:49'),
	(2185, 92, 'Uttaradit', '2023-08-23 10:40:49', '2023-08-23 10:40:49'),
	(2186, 92, 'Yala', '2023-08-23 10:40:49', '2023-08-23 10:40:49'),
	(2187, 92, 'Yasothon', '2023-08-23 10:40:49', '2023-08-23 10:40:49'),
	(2188, 69, 'Busan', '2023-08-23 10:40:49', '2023-08-23 10:40:49'),
	(2189, 69, 'Daegu', '2023-08-23 10:40:49', '2023-08-23 10:40:49'),
	(2191, 69, 'Gangwon', '2023-08-23 10:40:49', '2023-08-23 10:40:49'),
	(2192, 69, 'Gwangju', '2023-08-23 10:40:49', '2023-08-23 10:40:49'),
	(2193, 69, 'Gyeonggi', '2023-08-23 10:40:49', '2023-08-23 10:40:49'),
	(2194, 69, 'Gyeongsangbuk', '2023-08-23 10:40:49', '2023-08-23 10:40:49'),
	(2195, 69, 'Gyeongsangnam', '2023-08-23 10:40:49', '2023-08-23 10:40:49'),
	(2196, 69, 'Jeju', '2023-08-23 10:40:49', '2023-08-23 10:40:49'),
	(2201, 25, 'Delhi', '2023-08-23 10:40:49', '2023-08-23 10:40:49'),
	(2202, 81, 'Región de Los Ríos', '2023-08-23 10:40:49', '2023-08-23 10:40:49'),
	(2203, 81, 'Región de Arica y Parinacota', '2023-08-23 10:40:49', '2023-08-23 10:40:49');

-- Volcando datos para la tabla laravel.graduaciones: ~20 rows (aproximadamente)
REPLACE INTO `graduaciones` (`idGraduacion`, `nombre`, `color`, `tipo`, `created_at`, `updated_at`) VALUES
	(1, 'Novato', 'Sin cinturón', 'GUP', '2023-08-23 10:39:15', '2023-08-23 10:39:15'),
	(2, '10mo Gup', 'Blanco', 'GUP', '2023-08-23 10:39:15', '2023-08-23 10:39:15'),
	(3, '9no Gup', 'Amarillo', 'GUP', '2023-08-23 10:39:15', '2023-08-23 10:39:15'),
	(4, '8vo Gup', 'Amarillo-verde', 'GUP', '2023-08-23 10:39:15', '2023-08-23 10:39:15'),
	(5, '7mo Gup', 'Verde', 'GUP', '2023-08-23 10:39:15', '2023-08-23 10:39:15'),
	(6, '6to Gup', 'Verde-azul', 'GUP', '2023-08-23 10:39:15', '2023-08-23 10:39:15'),
	(7, '5to Gup', 'Azul', 'GUP', '2023-08-23 10:39:15', '2023-08-23 10:39:15'),
	(8, '4to Gup', 'Azul-rojo', 'GUP', '2023-08-23 10:39:15', '2023-08-23 10:39:15'),
	(9, '3er Gup', 'Rojo', 'GUP', '2023-08-23 10:39:15', '2023-08-23 10:39:15'),
	(10, '2do Gup', 'Rojo-negro', 'GUP', '2023-08-23 10:39:15', '2023-08-23 10:39:15'),
	(11, '1er Dan', 'Cinturón negro', 'DAN', '2023-08-23 10:39:15', '2023-08-23 10:39:15'),
	(12, '2do Dan', 'Cinturón negro', 'DAN', '2023-08-23 10:39:15', '2023-08-23 10:39:15'),
	(13, '3er Dan', 'Cinturón negro', 'DAN', '2023-08-23 10:39:15', '2023-08-23 10:39:15'),
	(14, '4to Dan', 'Cinturón negro', 'DAN', '2023-08-23 10:39:15', '2023-08-23 10:39:15'),
	(15, '5to Dan', 'Cinturón negro', 'DAN', '2023-08-23 10:39:15', '2023-08-23 10:39:15'),
	(16, '6to Dan', 'Cinturón negro', 'DAN', '2023-08-23 10:39:15', '2023-08-23 10:39:15'),
	(17, '7mo Dan', 'Cinturón negro', 'DAN', '2023-08-23 10:39:15', '2023-08-23 10:39:15'),
	(18, '8vo Dan', 'Cinturón negro', 'DAN', '2023-08-23 10:39:16', '2023-08-23 10:39:16'),
	(19, '9no Dan', 'Cinturón negro', 'DAN', '2023-08-23 10:39:16', '2023-08-23 10:39:16'),
	(20, '10mo Dan', 'Cinturón negro', 'DAN', '2023-08-23 10:39:16', '2023-08-23 10:39:16');

-- Volcando datos para la tabla laravel.migrations: ~23 rows (aproximadamente)
REPLACE INTO `migrations` (`id`, `migration`, `batch`) VALUES
	(1, '1_create_graduaciones_table', 1),
	(2, '2019_12_14_000001_create_personal_access_tokens_table', 1),
	(3, '2023_create_notifications_table', 1),
	(4, '2_create_roles_table', 1),
	(5, '3_create_paises_table', 1),
	(6, '4_create_estados_table', 1),
	(7, '5_create_escuelas_table', 1),
	(8, '6_create_users_table', 1),
	(9, '7_create_competidores_table', 1),
	(10, '8_create_competencias_table', 1),
	(11, '91.1_create_categoria_table', 1),
	(12, '91_create_poomsae_table', 1),
	(13, '92_create_competenciacompetidor_table', 1),
	(14, '93_create_competenciajueces_table', 1),
	(15, '94_create_puntajes_table', 1),
	(16, '95_create_categoriagraduacion_table', 1),
	(17, '96_create_categoriapoomsae_table', 1),
	(18, '97_solicitud', 1),
	(19, '98_create_competenciacompetidorpoomsae', 1),
	(20, '990_create_reloj_table', 1),
	(21, '991_create_permiso_table', 1),
	(22, '995_create_rol_permiso_table', 1),
	(23, '996_create_reloj_compJuez_table', 1);

-- Volcando datos para la tabla laravel.notifications: ~20 rows (aproximadamente)
REPLACE INTO `notifications` (`id`, `type`, `notifiable_type`, `notifiable_id`, `data`, `read_at`, `created_at`, `updated_at`) VALUES
	('119b46aa-abd3-4075-957e-10cf3c30428a', 'App\\Notifications\\NotificacionGeneral', 'App\\Models\\User', 7, '{"estado":"success","titulo":"Han aceptado tu inscripcion!.","mensaje":"Ahora estas habilitado para Juzgar en: Competencia Juvenil","descripcion":"Enhorabuena!","fecha":"23\\/08\\/2023"}', '2023-08-23 17:30:26', '2023-08-23 16:03:31', '2023-08-23 17:30:26'),
	('1535cf5d-6186-485a-affe-73b9d447e045', 'App\\Notifications\\NotificacionGeneral', 'App\\Models\\User', 19, '{"estado":"success","titulo":"Poomsae Asignado!","mensaje":"Poomsae Pasada 1: 1\\u00ba Poomsae TAEGUK IL CHANG Poomsae Pasada 2: 2\\u00ba Poomsae TAEGUK I CHANG  ","descripcion":" A prepararse!","fecha":"23\\/08\\/2023"}', NULL, '2023-08-23 16:08:58', '2023-08-23 16:08:58'),
	('18736142-9c26-4c55-88b3-6e71b39c5d0c', 'App\\Notifications\\NotificacionGeneral', 'App\\Models\\User', 5, '{"estado":"success","titulo":"Han aceptado tu inscripcion!.","mensaje":"Ahora estas habilitado para Juzgar en: Competencia Provincial","descripcion":"Enhorabuena!","fecha":"23\\/08\\/2023"}', NULL, '2023-08-23 17:34:30', '2023-08-23 17:34:30'),
	('25fb6d52-5246-43c8-8add-1e49ef8eee12', 'App\\Notifications\\NotificacionGeneral', 'App\\Models\\User', 16, '{"estado":"success","titulo":"Poomsae Asignado!","mensaje":"Poomsae Pasada 1: 1\\u00ba Poomsae TAEGUK IL CHANG Poomsae Pasada 2: 1\\u00ba Poomsae TAEGUK IL CHANG  ","descripcion":" A prepararse!","fecha":"23\\/08\\/2023"}', NULL, '2023-08-23 16:08:58', '2023-08-23 16:08:58'),
	('34aec11e-e8c8-4dab-92c7-af07edbb71f7', 'App\\Notifications\\NotificacionGeneral', 'App\\Models\\User', 29, '{"estado":"success","titulo":"Poomsae Asignado!","mensaje":"Poomsae Pasada 1: 2\\u00ba Poomsae TAEGUK I CHANG Poomsae Pasada 2: 2\\u00ba Poomsae TAEGUK I CHANG  ","descripcion":" A prepararse!","fecha":"23\\/08\\/2023"}', NULL, '2023-08-23 16:08:59', '2023-08-23 16:08:59'),
	('3cb619d4-c61b-4edb-ab5e-7b3e3b89ca99', 'App\\Notifications\\NotificacionGeneral', 'App\\Models\\User', 1, '{"estado":"success","titulo":"Ha sido habilitado para competir!","mensaje":"Estas habilitado para competir en Competencia Regional","descripcion":"Exitos!","fecha":"23\\/08\\/2023"}', '2023-08-23 10:55:53', '2023-08-23 10:52:50', '2023-08-23 10:55:53'),
	('56400b7d-ec5c-4e12-bed1-cd284b0c5be7', 'App\\Notifications\\NotificacionGeneral', 'App\\Models\\User', 27, '{"estado":"success","titulo":"Poomsae Asignado!","mensaje":"Poomsae Pasada 1: 2\\u00ba Poomsae TAEGUK I CHANG Poomsae Pasada 2: 2\\u00ba Poomsae TAEGUK I CHANG  ","descripcion":" A prepararse!","fecha":"23\\/08\\/2023"}', NULL, '2023-08-23 16:08:59', '2023-08-23 16:08:59'),
	('5baec233-7a49-4d6f-a3a9-280583b84eb9', 'App\\Notifications\\NotificacionGeneral', 'App\\Models\\User', 17, '{"estado":"success","titulo":"Poomsae Asignado!","mensaje":"Poomsae Pasada 1: 1\\u00ba Poomsae TAEGUK IL CHANG Poomsae Pasada 2: 2\\u00ba Poomsae TAEGUK I CHANG  ","descripcion":" A prepararse!","fecha":"23\\/08\\/2023"}', NULL, '2023-08-23 16:08:58', '2023-08-23 16:08:58'),
	('5c033958-9ba2-43ce-b53d-f945ca81eb68', 'App\\Notifications\\NotificacionGeneral', 'App\\Models\\User', 11, '{"estado":"success","titulo":"Poomsae Asignado!","mensaje":"Poomsae Pasada 1: 1\\u00ba Poomsae TAEGUK IL CHANG Poomsae Pasada 2: 1\\u00ba Poomsae TAEGUK IL CHANG  ","descripcion":" A prepararse!","fecha":"23\\/08\\/2023"}', NULL, '2023-08-23 10:53:55', '2023-08-23 10:53:55'),
	('5e1b8012-3374-4c84-aa9a-b2068f79b6ff', 'App\\Notifications\\NotificacionGeneral', 'App\\Models\\User', 32, '{"estado":"success","titulo":"Ha sido habilitado para competir!","mensaje":"Estas habilitado para competir en Competencia Provincial","descripcion":"Exitos!","fecha":"23\\/08\\/2023"}', '2023-08-23 17:49:08', '2023-08-23 17:48:44', '2023-08-23 17:49:08'),
	('71470ebc-de3f-46fc-b9ee-978914c7c5f5', 'App\\Notifications\\NotificacionGeneral', 'App\\Models\\User', 18, '{"estado":"success","titulo":"Poomsae Asignado!","mensaje":"Poomsae Pasada 1: 1\\u00ba Poomsae TAEGUK IL CHANG Poomsae Pasada 2: 1\\u00ba Poomsae TAEGUK IL CHANG  ","descripcion":" A prepararse!","fecha":"23\\/08\\/2023"}', NULL, '2023-08-23 16:08:58', '2023-08-23 16:08:58'),
	('7330f08d-5812-4443-8920-8e6d5a06651c', 'App\\Notifications\\NotificacionGeneral', 'App\\Models\\User', 28, '{"estado":"success","titulo":"Poomsae Asignado!","mensaje":"Poomsae Pasada 1: 2\\u00ba Poomsae TAEGUK I CHANG Poomsae Pasada 2: 2\\u00ba Poomsae TAEGUK I CHANG  ","descripcion":" A prepararse!","fecha":"23\\/08\\/2023"}', NULL, '2023-08-23 16:08:59', '2023-08-23 16:08:59'),
	('801d0e09-ef82-46da-8d29-8a527139c0cb', 'App\\Notifications\\NotificacionGeneral', 'App\\Models\\User', 25, '{"estado":"success","titulo":"Poomsae Asignado!","mensaje":"Poomsae Pasada 1: 1\\u00ba Poomsae TAEGUK IL CHANG Poomsae Pasada 2: 1\\u00ba Poomsae TAEGUK IL CHANG  ","descripcion":" A prepararse!","fecha":"23\\/08\\/2023"}', NULL, '2023-08-23 16:08:58', '2023-08-23 16:08:58'),
	('81f76efa-1642-43a8-b2ea-784183be77bd', 'App\\Notifications\\NotificacionGeneral', 'App\\Models\\User', 8, '{"estado":"restricted","titulo":"Han rechazado tu inscripcion.","mensaje":"Por motivos administrativos no puedes Juzgar en Competencia Juvenil","descripcion":"Disculpe las Molestias.","fecha":"23\\/08\\/2023"}', NULL, '2023-08-23 16:01:54', '2023-08-23 16:01:54'),
	('851f90b0-bee0-4786-8114-14dbdd19be2d', 'App\\Notifications\\NotificacionGeneral', 'App\\Models\\User', 10, '{"estado":"success","titulo":"Poomsae Asignado!","mensaje":"Poomsae Pasada 1: 1\\u00ba Poomsae TAEGUK IL CHANG Poomsae Pasada 2: 1\\u00ba Poomsae TAEGUK IL CHANG  ","descripcion":" A prepararse!","fecha":"23\\/08\\/2023"}', NULL, '2023-08-23 10:53:55', '2023-08-23 10:53:55'),
	('97ace0b7-7020-47d6-af81-938630500076', 'App\\Notifications\\NotificacionGeneral', 'App\\Models\\User', 12, '{"estado":"success","titulo":"Poomsae Asignado!","mensaje":"Poomsae Pasada 1: 1\\u00ba Poomsae TAEGUK IL CHANG Poomsae Pasada 2: 2\\u00ba Poomsae TAEGUK I CHANG  ","descripcion":" A prepararse!","fecha":"23\\/08\\/2023"}', NULL, '2023-08-23 10:53:55', '2023-08-23 10:53:55'),
	('97f86bc5-8efa-4366-9f3e-12b8fb052b23', 'App\\Notifications\\NotificacionGeneral', 'App\\Models\\User', 6, '{"estado":"success","titulo":"Han aceptado tu inscripcion!.","mensaje":"Ahora estas habilitado para Juzgar en: Competencia Provincial","descripcion":"Enhorabuena!","fecha":"23\\/08\\/2023"}', NULL, '2023-08-23 17:34:26', '2023-08-23 17:34:26'),
	('9bf2caa5-7c43-4b1e-b995-e1656d48adc8', 'App\\Notifications\\NotificacionGeneral', 'App\\Models\\User', 7, '{"estado":"success","titulo":"Han aceptado tu inscripcion!.","mensaje":"Ahora estas habilitado para Juzgar en: Competencia Provincial","descripcion":"Enhorabuena!","fecha":"23\\/08\\/2023"}', NULL, '2023-08-23 17:34:35', '2023-08-23 17:34:35'),
	('a3e0c91a-8b27-41f0-a327-ea49ad63308d', 'App\\Notifications\\NotificacionGeneral', 'App\\Models\\User', 26, '{"estado":"success","titulo":"Poomsae Asignado!","mensaje":"Poomsae Pasada 1: 2\\u00ba Poomsae TAEGUK I CHANG Poomsae Pasada 2: 1\\u00ba Poomsae TAEGUK IL CHANG  ","descripcion":" A prepararse!","fecha":"23\\/08\\/2023"}', NULL, '2023-08-23 16:08:58', '2023-08-23 16:08:58'),
	('ac991269-b347-4e33-8997-6d908ba66a35', 'App\\Notifications\\NotificacionGeneral', 'App\\Models\\User', 29, '{"estado":"restricted","titulo":"Han rechazado tu inscripcion.","mensaje":"Por motivos administrativos no puedes competir en Competencia Regional","descripcion":"Disculpe las molestias!","fecha":"23\\/08\\/2023"}', NULL, '2023-08-23 10:52:36', '2023-08-23 10:52:36'),
	('d1e335aa-f885-43cb-90ca-9eb63a704fc0', 'App\\Notifications\\NotificacionGeneral', 'App\\Models\\User', 30, '{"estado":"success","titulo":"Ha sido habilitado para competir!","mensaje":"Estas habilitado para competir en Competencia Provincial","descripcion":"Exitos!","fecha":"23\\/08\\/2023"}', '2023-08-23 17:49:11', '2023-08-23 17:48:43', '2023-08-23 17:49:11'),
	('d6659db4-8a6c-45a0-9f85-00fbded3c2fb', 'App\\Notifications\\NotificacionGeneral', 'App\\Models\\User', 1, '{"estado":"success","titulo":"Poomsae Asignado!","mensaje":"Poomsae Pasada 1: 1\\u00ba Poomsae TAEGUK IL CHANG Poomsae Pasada 2: 2\\u00ba Poomsae TAEGUK I CHANG  ","descripcion":" A prepararse!","fecha":"23\\/08\\/2023"}', '2023-08-23 10:55:57', '2023-08-23 10:53:54', '2023-08-23 10:55:57'),
	('d9a84f63-1498-465a-8383-06b4c217a641', 'App\\Notifications\\NotificacionGeneral', 'App\\Models\\User', 15, '{"estado":"success","titulo":"Poomsae Asignado!","mensaje":"Poomsae Pasada 1: 2\\u00ba Poomsae TAEGUK I CHANG Poomsae Pasada 2: 2\\u00ba Poomsae TAEGUK I CHANG  ","descripcion":" A prepararse!","fecha":"23\\/08\\/2023"}', NULL, '2023-08-23 16:08:58', '2023-08-23 16:08:58'),
	('d9fceaf0-5a15-480f-b4c1-b3f4fb6849a2', 'App\\Notifications\\NotificacionGeneral', 'App\\Models\\User', 13, '{"estado":"success","titulo":"Poomsae Asignado!","mensaje":"Poomsae Pasada 1: 2\\u00ba Poomsae TAEGUK I CHANG Poomsae Pasada 2: 2\\u00ba Poomsae TAEGUK I CHANG  ","descripcion":" A prepararse!","fecha":"23\\/08\\/2023"}', NULL, '2023-08-23 10:53:55', '2023-08-23 10:53:55'),
	('e3cbef29-b1ad-4914-b737-55537d45710c', 'App\\Notifications\\NotificacionGeneral', 'App\\Models\\User', 31, '{"estado":"success","titulo":"Ha sido habilitado para competir!","mensaje":"Estas habilitado para competir en Competencia Provincial","descripcion":"Exitos!","fecha":"23\\/08\\/2023"}', '2023-08-23 17:49:05', '2023-08-23 17:48:50', '2023-08-23 17:49:05'),
	('ff4101f8-6ea7-45c0-b9f4-631d629e6166', 'App\\Notifications\\NotificacionGeneral', 'App\\Models\\User', 14, '{"estado":"success","titulo":"Poomsae Asignado!","mensaje":"Poomsae Pasada 1: 2\\u00ba Poomsae TAEGUK I CHANG Poomsae Pasada 2: 1\\u00ba Poomsae TAEGUK IL CHANG  ","descripcion":" A prepararse!","fecha":"23\\/08\\/2023"}', NULL, '2023-08-23 10:53:55', '2023-08-23 10:53:55');

-- Volcando datos para la tabla laravel.paises: ~214 rows (aproximadamente)
REPLACE INTO `paises` (`idPais`, `nombrePais`, `nomenclatura`, `created_at`, `updated_at`) VALUES
	(1, 'Australia', 'AU', '2023-08-23 10:39:17', '2023-08-23 10:39:17'),
	(2, 'Austria', 'AT', '2023-08-23 10:39:17', '2023-08-23 10:39:17'),
	(3, 'Azerbaiyán', 'AZ', '2023-08-23 10:39:17', '2023-08-23 10:39:17'),
	(4, 'Anguilla', 'AI', '2023-08-23 10:39:17', '2023-08-23 10:39:17'),
	(5, 'Argentina', 'AR', '2023-08-23 10:39:17', '2023-08-23 10:39:17'),
	(6, 'Armenia', 'AM', '2023-08-23 10:39:17', '2023-08-23 10:39:17'),
	(7, 'Bielorrusia', 'BY', '2023-08-23 10:39:17', '2023-08-23 10:39:17'),
	(8, 'Belice', 'BZ', '2023-08-23 10:39:17', '2023-08-23 10:39:17'),
	(9, 'Bélgica', 'BE', '2023-08-23 10:39:17', '2023-08-23 10:39:17'),
	(10, 'Bermudas', 'BM', '2023-08-23 10:39:17', '2023-08-23 10:39:17'),
	(11, 'Bulgaria', 'BG', '2023-08-23 10:39:17', '2023-08-23 10:39:17'),
	(12, 'Brasil', 'BR', '2023-08-23 10:39:17', '2023-08-23 10:39:17'),
	(13, 'Reino Unido', 'UK', '2023-08-23 10:39:17', '2023-08-23 10:39:17'),
	(14, 'Hungría', 'HU', '2023-08-23 10:39:17', '2023-08-23 10:39:17'),
	(15, 'Vietnam', 'VN', '2023-08-23 10:39:17', '2023-08-23 10:39:17'),
	(16, 'Haiti', 'HT', '2023-08-23 10:39:17', '2023-08-23 10:39:17'),
	(17, 'Guadalupe', 'GP', '2023-08-23 10:39:17', '2023-08-23 10:39:17'),
	(18, 'Alemania', 'DE', '2023-08-23 10:39:17', '2023-08-23 10:39:17'),
	(19, 'Países Bajos', 'Holanda', '2023-08-23 10:39:17', '2023-08-23 10:39:17'),
	(20, 'Grecia', 'GR', '2023-08-23 10:39:17', '2023-08-23 10:39:17'),
	(21, 'Georgia', 'GE', '2023-08-23 10:39:17', '2023-08-23 10:39:17'),
	(22, 'Dinamarca', 'DK', '2023-08-23 10:39:17', '2023-08-23 10:39:17'),
	(23, 'Egipto', 'EG', '2023-08-23 10:39:17', '2023-08-23 10:39:17'),
	(24, 'Israel', 'IL', '2023-08-23 10:39:17', '2023-08-23 10:39:17'),
	(25, 'India', 'IN', '2023-08-23 10:39:18', '2023-08-23 10:39:18'),
	(26, 'Irán', 'IR', '2023-08-23 10:39:18', '2023-08-23 10:39:18'),
	(27, 'Irlanda', 'IE', '2023-08-23 10:39:18', '2023-08-23 10:39:18'),
	(28, 'España', 'ES', '2023-08-23 10:39:18', '2023-08-23 10:39:18'),
	(29, 'Italia', 'IT', '2023-08-23 10:39:18', '2023-08-23 10:39:18'),
	(30, 'Kazajstán', 'KZ', '2023-08-23 10:39:18', '2023-08-23 10:39:18'),
	(31, 'Camerún', 'CM', '2023-08-23 10:39:18', '2023-08-23 10:39:18'),
	(32, 'Canadá', 'CA', '2023-08-23 10:39:18', '2023-08-23 10:39:18'),
	(33, 'Chipre', 'CY', '2023-08-23 10:39:18', '2023-08-23 10:39:18'),
	(34, 'Kirguistán', 'KG', '2023-08-23 10:39:18', '2023-08-23 10:39:18'),
	(35, 'China', 'CN', '2023-08-23 10:39:18', '2023-08-23 10:39:18'),
	(36, 'Costa Rica', 'CR', '2023-08-23 10:39:18', '2023-08-23 10:39:18'),
	(37, 'Kuwait', 'KW', '2023-08-23 10:39:18', '2023-08-23 10:39:18'),
	(38, 'Letonia', 'LV', '2023-08-23 10:39:18', '2023-08-23 10:39:18'),
	(39, 'Libia', 'LY', '2023-08-23 10:39:18', '2023-08-23 10:39:18'),
	(40, 'Lituania', 'LT', '2023-08-23 10:39:18', '2023-08-23 10:39:18'),
	(41, 'Luxemburgo', 'LU', '2023-08-23 10:39:19', '2023-08-23 10:39:19'),
	(42, 'México', 'MX', '2023-08-23 10:39:19', '2023-08-23 10:39:19'),
	(43, 'Moldavia', 'MD', '2023-08-23 10:39:19', '2023-08-23 10:39:19'),
	(44, 'Mónaco', 'MC', '2023-08-23 10:39:19', '2023-08-23 10:39:19'),
	(45, 'Nueva Zelanda', 'NZ', '2023-08-23 10:39:19', '2023-08-23 10:39:19'),
	(46, 'Noruega', 'NO', '2023-08-23 10:39:19', '2023-08-23 10:39:19'),
	(47, 'Polonia', 'PL', '2023-08-23 10:39:19', '2023-08-23 10:39:19'),
	(48, 'Portugal', 'PT', '2023-08-23 10:39:19', '2023-08-23 10:39:19'),
	(49, 'Reunión', 'RE', '2023-08-23 10:39:19', '2023-08-23 10:39:19'),
	(50, 'Rusia', 'RU', '2023-08-23 10:39:19', '2023-08-23 10:39:19'),
	(51, 'El Salvador', 'SV', '2023-08-23 10:39:19', '2023-08-23 10:39:19'),
	(52, 'Eslovaquia', 'SK', '2023-08-23 10:39:19', '2023-08-23 10:39:19'),
	(53, 'Eslovenia', 'SI', '2023-08-23 10:39:19', '2023-08-23 10:39:19'),
	(54, 'Surinam', 'SR', '2023-08-23 10:39:19', '2023-08-23 10:39:19'),
	(55, 'Estados Unidos', 'US', '2023-08-23 10:39:19', '2023-08-23 10:39:19'),
	(56, 'Tadjikistán', 'TJ', '2023-08-23 10:39:19', '2023-08-23 10:39:19'),
	(57, 'Turkmenistán', 'TM', '2023-08-23 10:39:19', '2023-08-23 10:39:19'),
	(58, 'Islas Turcas y Caicos', 'TC', '2023-08-23 10:39:19', '2023-08-23 10:39:19'),
	(59, 'Turquía', 'TR', '2023-08-23 10:39:19', '2023-08-23 10:39:19'),
	(60, 'Uganda', 'UG', '2023-08-23 10:39:19', '2023-08-23 10:39:19'),
	(61, 'Uzbekistán', 'UZ', '2023-08-23 10:39:19', '2023-08-23 10:39:19'),
	(62, 'Ucrania', 'UA', '2023-08-23 10:39:19', '2023-08-23 10:39:19'),
	(63, 'Finlandia', 'FI', '2023-08-23 10:39:19', '2023-08-23 10:39:19'),
	(64, 'Francia', 'FR', '2023-08-23 10:39:19', '2023-08-23 10:39:19'),
	(65, 'República Checa', 'CZ', '2023-08-23 10:39:19', '2023-08-23 10:39:19'),
	(66, 'Suiza', 'CH', '2023-08-23 10:39:20', '2023-08-23 10:39:20'),
	(67, 'Suecia', 'SE', '2023-08-23 10:39:20', '2023-08-23 10:39:20'),
	(68, 'Estonia', 'EE', '2023-08-23 10:39:20', '2023-08-23 10:39:20'),
	(69, 'Corea del Sur', 'KR', '2023-08-23 10:39:20', '2023-08-23 10:39:20'),
	(70, 'Japón', 'JP', '2023-08-23 10:39:20', '2023-08-23 10:39:20'),
	(71, 'Croacia', 'HR', '2023-08-23 10:39:20', '2023-08-23 10:39:20'),
	(72, 'Rumanía', 'RO', '2023-08-23 10:39:20', '2023-08-23 10:39:20'),
	(73, 'Hong Kong', 'HK', '2023-08-23 10:39:20', '2023-08-23 10:39:20'),
	(74, 'Indonesia', 'ID', '2023-08-23 10:39:20', '2023-08-23 10:39:20'),
	(75, 'Jordania', 'JO', '2023-08-23 10:39:20', '2023-08-23 10:39:20'),
	(76, 'Malasia', 'MY', '2023-08-23 10:39:20', '2023-08-23 10:39:20'),
	(77, 'Singapur', 'SG', '2023-08-23 10:39:20', '2023-08-23 10:39:20'),
	(78, 'Taiwán', 'TW', '2023-08-23 10:39:20', '2023-08-23 10:39:20'),
	(79, 'Bosnia y Herzegovina', 'BA', '2023-08-23 10:39:20', '2023-08-23 10:39:20'),
	(80, 'Bahamas', 'BS', '2023-08-23 10:39:20', '2023-08-23 10:39:20'),
	(81, 'Chile', 'CL', '2023-08-23 10:39:20', '2023-08-23 10:39:20'),
	(82, 'Colombia', 'CO', '2023-08-23 10:39:20', '2023-08-23 10:39:20'),
	(83, 'Islandia', 'IS', '2023-08-23 10:39:20', '2023-08-23 10:39:20'),
	(84, 'Corea del Norte', 'KP', '2023-08-23 10:39:20', '2023-08-23 10:39:20'),
	(85, 'Macedonia', 'MK', '2023-08-23 10:39:20', '2023-08-23 10:39:20'),
	(86, 'Malta', 'MT', '2023-08-23 10:39:20', '2023-08-23 10:39:20'),
	(87, 'Pakistán', 'PK', '2023-08-23 10:39:20', '2023-08-23 10:39:20'),
	(88, 'Papúa-Nueva Guinea', 'PG', '2023-08-23 10:39:20', '2023-08-23 10:39:20'),
	(89, 'Perú', 'PE', '2023-08-23 10:39:20', '2023-08-23 10:39:20'),
	(90, 'Filipinas', 'PH', '2023-08-23 10:39:21', '2023-08-23 10:39:21'),
	(91, 'Arabia Saudita', 'SA', '2023-08-23 10:39:21', '2023-08-23 10:39:21'),
	(92, 'Tailandia', 'TH', '2023-08-23 10:39:21', '2023-08-23 10:39:21'),
	(93, 'Emiratos Árabes Unidos', 'AE', '2023-08-23 10:39:21', '2023-08-23 10:39:21'),
	(94, 'Groenlandia', 'GL', '2023-08-23 10:39:21', '2023-08-23 10:39:21'),
	(95, 'Venezuela', 'VE', '2023-08-23 10:39:21', '2023-08-23 10:39:21'),
	(96, 'Zimbabwe', 'ZW', '2023-08-23 10:39:21', '2023-08-23 10:39:21'),
	(97, 'Kenia', 'KE', '2023-08-23 10:39:21', '2023-08-23 10:39:21'),
	(98, 'Argelia', 'DZ', '2023-08-23 10:39:21', '2023-08-23 10:39:21'),
	(99, 'Líbano', 'LB', '2023-08-23 10:39:21', '2023-08-23 10:39:21'),
	(100, 'Botsuana', 'BW', '2023-08-23 10:39:21', '2023-08-23 10:39:21'),
	(101, 'Tanzania', 'TZ', '2023-08-23 10:39:21', '2023-08-23 10:39:21'),
	(102, 'Namibia', 'NA', '2023-08-23 10:39:21', '2023-08-23 10:39:21'),
	(103, 'Ecuador', 'EC', '2023-08-23 10:39:21', '2023-08-23 10:39:21'),
	(104, 'Marruecos', 'MA', '2023-08-23 10:39:21', '2023-08-23 10:39:21'),
	(105, 'Ghana', 'GH', '2023-08-23 10:39:21', '2023-08-23 10:39:21'),
	(106, 'Siria', 'SY', '2023-08-23 10:39:21', '2023-08-23 10:39:21'),
	(107, 'Nepal', 'NP', '2023-08-23 10:39:21', '2023-08-23 10:39:21'),
	(108, 'Mauritania', 'MR', '2023-08-23 10:39:21', '2023-08-23 10:39:21'),
	(109, 'Seychelles', 'SC', '2023-08-23 10:39:21', '2023-08-23 10:39:21'),
	(110, 'Paraguay', 'PY', '2023-08-23 10:39:21', '2023-08-23 10:39:21'),
	(111, 'Uruguay', 'UY', '2023-08-23 10:39:21', '2023-08-23 10:39:21'),
	(112, 'Congo (Brazzaville)', 'CG', '2023-08-23 10:39:21', '2023-08-23 10:39:21'),
	(113, 'Cuba', 'CU', '2023-08-23 10:39:21', '2023-08-23 10:39:21'),
	(114, 'Albania', 'AL', '2023-08-23 10:39:21', '2023-08-23 10:39:21'),
	(115, 'Nigeria', 'NG', '2023-08-23 10:39:22', '2023-08-23 10:39:22'),
	(116, 'Zambia', 'ZM', '2023-08-23 10:39:22', '2023-08-23 10:39:22'),
	(117, 'Mozambique', 'MZ', '2023-08-23 10:39:22', '2023-08-23 10:39:22'),
	(119, 'Angola', 'AO', '2023-08-23 10:39:22', '2023-08-23 10:39:22'),
	(120, 'Sri Lanka', 'LK', '2023-08-23 10:39:22', '2023-08-23 10:39:22'),
	(121, 'Etiopía', 'ET', '2023-08-23 10:39:22', '2023-08-23 10:39:22'),
	(122, 'Túnez', 'TN', '2023-08-23 10:39:22', '2023-08-23 10:39:22'),
	(123, 'Bolivia', 'BO', '2023-08-23 10:39:22', '2023-08-23 10:39:22'),
	(124, 'Panamá', 'PA', '2023-08-23 10:39:22', '2023-08-23 10:39:22'),
	(125, 'Malawi', 'MW', '2023-08-23 10:39:22', '2023-08-23 10:39:22'),
	(126, 'Liechtenstein', 'LI', '2023-08-23 10:39:22', '2023-08-23 10:39:22'),
	(127, 'Bahrein', 'BH', '2023-08-23 10:39:22', '2023-08-23 10:39:22'),
	(128, 'Barbados', 'BB', '2023-08-23 10:39:22', '2023-08-23 10:39:22'),
	(130, 'Chad', 'TD', '2023-08-23 10:39:22', '2023-08-23 10:39:22'),
	(131, 'Man', 'Isla de', '2023-08-23 10:39:22', '2023-08-23 10:39:22'),
	(132, 'Jamaica', 'JM', '2023-08-23 10:39:22', '2023-08-23 10:39:22'),
	(133, 'Malí', 'ML', '2023-08-23 10:39:22', '2023-08-23 10:39:22'),
	(134, 'Madagascar', 'MG', '2023-08-23 10:39:22', '2023-08-23 10:39:22'),
	(135, 'Senegal', 'SN', '2023-08-23 10:39:22', '2023-08-23 10:39:22'),
	(136, 'Togo', 'TG', '2023-08-23 10:39:22', '2023-08-23 10:39:22'),
	(137, 'Honduras', 'HN', '2023-08-23 10:39:22', '2023-08-23 10:39:22'),
	(138, 'República Dominicana', 'DO', '2023-08-23 10:39:22', '2023-08-23 10:39:22'),
	(139, 'Mongolia', 'MN', '2023-08-23 10:39:22', '2023-08-23 10:39:22'),
	(140, 'Irak', 'IQ', '2023-08-23 10:39:22', '2023-08-23 10:39:22'),
	(141, 'Sudáfrica', 'ZA', '2023-08-23 10:39:23', '2023-08-23 10:39:23'),
	(142, 'Aruba', 'AW', '2023-08-23 10:39:23', '2023-08-23 10:39:23'),
	(143, 'Gibraltar', 'GI', '2023-08-23 10:39:23', '2023-08-23 10:39:23'),
	(144, 'Afganistán', 'AF', '2023-08-23 10:39:23', '2023-08-23 10:39:23'),
	(145, 'Andorra', 'AD', '2023-08-23 10:39:23', '2023-08-23 10:39:23'),
	(147, 'Antigua y Barbuda', 'AG', '2023-08-23 10:39:23', '2023-08-23 10:39:23'),
	(149, 'Bangladesh', 'BD', '2023-08-23 10:39:23', '2023-08-23 10:39:23'),
	(151, 'Benín', 'BJ', '2023-08-23 10:39:23', '2023-08-23 10:39:23'),
	(152, 'Bután', 'BT', '2023-08-23 10:39:23', '2023-08-23 10:39:23'),
	(154, 'Islas Vírgenes Británicas', 'VG', '2023-08-23 10:39:23', '2023-08-23 10:39:23'),
	(155, 'Brunéi', 'BN', '2023-08-23 10:39:23', '2023-08-23 10:39:23'),
	(156, 'Burkina Faso', 'BF', '2023-08-23 10:39:23', '2023-08-23 10:39:23'),
	(157, 'Burundi', 'BI', '2023-08-23 10:39:23', '2023-08-23 10:39:23'),
	(158, 'Camboya', 'KH', '2023-08-23 10:39:23', '2023-08-23 10:39:23'),
	(159, 'Cabo Verde', 'CV', '2023-08-23 10:39:24', '2023-08-23 10:39:24'),
	(164, 'Comores', 'KM', '2023-08-23 10:39:24', '2023-08-23 10:39:24'),
	(165, 'Congo (Kinshasa)', 'CD', '2023-08-23 10:39:24', '2023-08-23 10:39:24'),
	(166, 'Cook', 'Islas', '2023-08-23 10:39:24', '2023-08-23 10:39:24'),
	(168, 'Costa de Marfil', 'CI', '2023-08-23 10:39:24', '2023-08-23 10:39:24'),
	(169, 'Djibouti', 'Yibuti', '2023-08-23 10:39:24', '2023-08-23 10:39:24'),
	(171, 'Timor Oriental', 'TL', '2023-08-23 10:39:24', '2023-08-23 10:39:24'),
	(172, 'Guinea Ecuatorial', 'GQ', '2023-08-23 10:39:24', '2023-08-23 10:39:24'),
	(173, 'Eritrea', 'ER', '2023-08-23 10:39:24', '2023-08-23 10:39:24'),
	(175, 'Feroe', 'Islas', '2023-08-23 10:39:24', '2023-08-23 10:39:24'),
	(176, 'Fiyi', 'FJ', '2023-08-23 10:39:24', '2023-08-23 10:39:24'),
	(178, 'Polinesia Francesa', 'PF', '2023-08-23 10:39:24', '2023-08-23 10:39:24'),
	(180, 'Gabón', 'GA', '2023-08-23 10:39:24', '2023-08-23 10:39:24'),
	(181, 'Gambia', 'GM', '2023-08-23 10:39:24', '2023-08-23 10:39:24'),
	(184, 'Granada', 'GD', '2023-08-23 10:39:24', '2023-08-23 10:39:24'),
	(185, 'Guatemala', 'GT', '2023-08-23 10:39:24', '2023-08-23 10:39:24'),
	(186, 'Guernsey', 'GG', '2023-08-23 10:39:24', '2023-08-23 10:39:24'),
	(187, 'Guinea', 'GN', '2023-08-23 10:39:24', '2023-08-23 10:39:24'),
	(188, 'Guinea-Bissau', 'GW', '2023-08-23 10:39:24', '2023-08-23 10:39:24'),
	(189, 'Guyana', 'GY', '2023-08-23 10:39:24', '2023-08-23 10:39:24'),
	(193, 'Jersey', 'JE', '2023-08-23 10:39:24', '2023-08-23 10:39:24'),
	(195, 'Kiribati', 'KI', '2023-08-23 10:39:24', '2023-08-23 10:39:24'),
	(196, 'Laos', 'LA', '2023-08-23 10:39:24', '2023-08-23 10:39:24'),
	(197, 'Lesotho', 'LS', '2023-08-23 10:39:24', '2023-08-23 10:39:24'),
	(198, 'Liberia', 'LR', '2023-08-23 10:39:24', '2023-08-23 10:39:24'),
	(200, 'Maldivas', 'MV', '2023-08-23 10:39:24', '2023-08-23 10:39:24'),
	(201, 'Martinica', 'MQ', '2023-08-23 10:39:24', '2023-08-23 10:39:24'),
	(202, 'Mauricio', 'MU', '2023-08-23 10:39:25', '2023-08-23 10:39:25'),
	(205, 'Myanmar', 'MM', '2023-08-23 10:39:25', '2023-08-23 10:39:25'),
	(206, 'Nauru', 'NR', '2023-08-23 10:39:25', '2023-08-23 10:39:25'),
	(207, 'Antillas Holandesas', 'AN', '2023-08-23 10:39:25', '2023-08-23 10:39:25'),
	(208, 'Nueva Caledonia', 'NC', '2023-08-23 10:39:25', '2023-08-23 10:39:25'),
	(209, 'Nicaragua', 'NI', '2023-08-23 10:39:25', '2023-08-23 10:39:25'),
	(210, 'Níger', 'NE', '2023-08-23 10:39:25', '2023-08-23 10:39:25'),
	(212, 'Norfolk Island', 'NF', '2023-08-23 10:39:25', '2023-08-23 10:39:25'),
	(213, 'Omán', 'OM', '2023-08-23 10:39:25', '2023-08-23 10:39:25'),
	(215, 'Isla Pitcairn', 'PN', '2023-08-23 10:39:25', '2023-08-23 10:39:25'),
	(216, 'Qatar', 'QA', '2023-08-23 10:39:25', '2023-08-23 10:39:25'),
	(217, 'Ruanda', 'RW', '2023-08-23 10:39:25', '2023-08-23 10:39:25'),
	(218, 'Santa Elena', 'SH', '2023-08-23 10:39:25', '2023-08-23 10:39:25'),
	(219, 'San Cristóbal y Nieves', 'KN', '2023-08-23 10:39:25', '2023-08-23 10:39:25'),
	(220, 'Santa Lucía', 'LC', '2023-08-23 10:39:25', '2023-08-23 10:39:25'),
	(221, 'San Pedro y Miquelón', 'PM', '2023-08-23 10:39:25', '2023-08-23 10:39:25'),
	(222, 'San Vicente y las Granadinas', 'VC', '2023-08-23 10:39:25', '2023-08-23 10:39:25'),
	(223, 'Samoa', 'WS', '2023-08-23 10:39:25', '2023-08-23 10:39:25'),
	(224, 'San Marino', 'SM', '2023-08-23 10:39:25', '2023-08-23 10:39:25'),
	(225, 'Santo Tomé y Príncipe', 'ST', '2023-08-23 10:39:25', '2023-08-23 10:39:25'),
	(226, 'Serbia y Montenegro', 'CS', '2023-08-23 10:39:25', '2023-08-23 10:39:25'),
	(227, 'Sierra Leona', 'SL', '2023-08-23 10:39:25', '2023-08-23 10:39:25'),
	(228, 'Islas Salomón', 'SB', '2023-08-23 10:39:25', '2023-08-23 10:39:25'),
	(229, 'Somalia', 'SO', '2023-08-23 10:39:25', '2023-08-23 10:39:25'),
	(232, 'Sudán', 'SD', '2023-08-23 10:39:25', '2023-08-23 10:39:25'),
	(234, 'Suazilandia', 'SZ', '2023-08-23 10:39:25', '2023-08-23 10:39:25'),
	(235, 'Tokelau', 'TK', '2023-08-23 10:39:25', '2023-08-23 10:39:25'),
	(236, 'Tonga', 'TO', '2023-08-23 10:39:26', '2023-08-23 10:39:26'),
	(237, 'Trinidad y Tobago', 'TT', '2023-08-23 10:39:26', '2023-08-23 10:39:26'),
	(239, 'Tuvalu', 'TV', '2023-08-23 10:39:26', '2023-08-23 10:39:26'),
	(240, 'Vanuatu', 'VU', '2023-08-23 10:39:26', '2023-08-23 10:39:26'),
	(241, 'Wallis y Futuna', 'WF', '2023-08-23 10:39:26', '2023-08-23 10:39:26'),
	(242, 'Sáhara Occidental', 'EH', '2023-08-23 10:39:26', '2023-08-23 10:39:26'),
	(243, 'Yemen', 'YE', '2023-08-23 10:39:26', '2023-08-23 10:39:26'),
	(246, 'Puerto Rico', 'PR', '2023-08-23 10:39:26', '2023-08-23 10:39:26');

-- Volcando datos para la tabla laravel.permisos: ~14 rows (aproximadamente)
REPLACE INTO `permisos` (`idPermiso`, `nombrePermiso`, `rutaPermiso`, `created_at`, `updated_at`) VALUES
	(1, 'Cronómetro.', 'index_reloj', '2023-08-23 10:40:59', '2023-08-23 10:40:59'),
	(2, 'Ver Competencias.', 'presentacion', '2023-08-23 10:40:59', '2023-08-23 10:40:59'),
	(3, 'Ver Competidores.', 'tablaCompetidores', '2023-08-23 10:40:59', '2023-08-23 10:40:59'),
	(4, 'Gestión de Usuarios.', 'index_usuarios', '2023-08-23 10:40:59', '2023-08-23 10:40:59'),
	(5, 'Gestión de Solicitudes.', 'index_solicitudes', '2023-08-23 10:40:59', '2023-08-23 10:40:59'),
	(6, 'Gestión de Categorías.', 'index_categoria', '2023-08-23 10:40:59', '2023-08-23 10:40:59'),
	(7, 'Gestión de Competencias.', 'index_competencia', '2023-08-23 10:40:59', '2023-08-23 10:40:59'),
	(8, 'Gestión de Graduaciones.', 'graduaciones.index', '2023-08-23 10:40:59', '2023-08-23 10:40:59'),
	(9, 'Ver Ranking General.', 'resultadosRanking', '2023-08-23 10:40:59', '2023-08-23 10:40:59'),
	(10, 'Puntuador.', 'puntuador_index', '2023-08-23 10:40:59', '2023-08-23 10:40:59'),
	(11, 'Inscribirse como Competidor.', 'cargarCompetidor', '2023-08-23 10:40:59', '2023-08-23 10:40:59'),
	(12, 'Gestión de Poomsaes.', 'index_poomsae', '2023-08-23 10:40:59', '2023-08-23 10:40:59'),
	(13, 'Gestión de Roles.', 'roles.index', '2023-08-23 10:41:00', '2023-08-23 10:41:00'),
	(14, 'Gestión de Permisos.', 'permisos.index', '2023-08-23 10:41:00', '2023-08-23 10:41:00');

-- Volcando datos para la tabla laravel.personal_access_tokens: ~0 rows (aproximadamente)

-- Volcando datos para la tabla laravel.poomsae: ~8 rows (aproximadamente)
REPLACE INTO `poomsae` (`idPoomsae`, `nombre`, `created_at`, `updated_at`) VALUES
	(1, '1º Poomsae TAEGUK IL CHANG', '2023-08-23 10:40:57', '2023-08-23 10:40:57'),
	(2, '2º Poomsae TAEGUK I CHANG', '2023-08-23 10:40:57', '2023-08-23 10:40:57'),
	(3, '3º Poomsae TAEGUK SAM CHANG', '2023-08-23 10:40:57', '2023-08-23 10:40:57'),
	(4, '4º Poomsae TAEGUK SAH CHANG', '2023-08-23 10:40:57', '2023-08-23 10:40:57'),
	(5, '5º Poomsae TAEGUK OH CHANG', '2023-08-23 10:40:57', '2023-08-23 10:40:57'),
	(6, '6º Poomsae TAEGUK YOUK CHANG', '2023-08-23 10:40:57', '2023-08-23 10:40:57'),
	(7, '7º Poomsae TAEGUK CHILK CHANG', '2023-08-23 10:40:57', '2023-08-23 10:40:57'),
	(8, '8º Poomsae TAEGUK PAL CHANG', '2023-08-23 10:40:57', '2023-08-23 10:40:57');

-- Volcando datos para la tabla laravel.puntajes: ~90 rows (aproximadamente)
REPLACE INTO `puntajes` (`idPuntaje`, `idCompetenciaCompetidor`, `idCompetenciaJuez`, `puntajePresentacion`, `puntajeExactitud`, `pasada`, `overtime`, `estadoPuntaje`, `created_at`, `updated_at`) VALUES
	(1, 2, 1, 4.50, 2.80, 1, '00:00:00', 1, '2023-08-23 11:11:36', '2023-08-23 11:13:01'),
	(2, 2, 1, 4.20, 2.50, 2, '00:00:00', 1, '2023-08-23 11:11:37', '2023-08-23 11:14:13'),
	(3, 2, 2, 5.40, 3.40, 1, '00:00:00', 1, '2023-08-23 11:11:37', '2023-08-23 11:13:07'),
	(4, 2, 2, 5.40, 3.40, 2, '00:00:00', 1, '2023-08-23 11:11:37', '2023-08-23 11:14:19'),
	(5, 2, 3, 5.10, 3.40, 1, '00:00:00', 1, '2023-08-23 11:11:37', '2023-08-23 11:13:04'),
	(6, 2, 3, 4.50, 3.40, 2, '00:00:00', 1, '2023-08-23 11:11:37', '2023-08-23 11:14:16'),
	(7, 3, 1, 3.90, 2.20, 1, '00:00:00', 1, '2023-08-23 13:53:57', '2023-08-23 13:57:06'),
	(8, 3, 1, 3.00, 1.60, 2, '00:00:00', 1, '2023-08-23 13:53:57', '2023-08-23 13:58:08'),
	(9, 3, 3, 4.50, 3.40, 1, '00:00:00', 1, '2023-08-23 13:53:57', '2023-08-23 13:57:08'),
	(10, 3, 3, 3.30, 1.00, 2, '00:00:00', 1, '2023-08-23 13:53:57', '2023-08-23 13:58:06'),
	(11, 3, 2, 2.70, 3.10, 1, '00:00:00', 1, '2023-08-23 13:53:57', '2023-08-23 13:57:10'),
	(12, 3, 2, 2.70, 2.20, 2, '00:00:00', 1, '2023-08-23 13:53:57', '2023-08-23 13:58:03'),
	(13, 4, 1, 2.40, 3.10, 1, '00:00:00', 1, '2023-08-23 13:59:44', '2023-08-23 14:00:32'),
	(14, 4, 1, 4.80, 3.10, 2, '00:00:00', 1, '2023-08-23 13:59:44', '2023-08-23 14:01:39'),
	(15, 4, 3, 3.00, 2.50, 1, '00:00:00', 1, '2023-08-23 13:59:44', '2023-08-23 14:00:31'),
	(16, 4, 3, 4.80, 2.50, 2, '00:00:00', 1, '2023-08-23 13:59:44', '2023-08-23 14:01:41'),
	(17, 4, 2, 2.40, 2.80, 1, '00:00:00', 1, '2023-08-23 13:59:44', '2023-08-23 14:00:29'),
	(18, 4, 2, 4.80, 3.40, 2, '00:00:00', 1, '2023-08-23 13:59:44', '2023-08-23 14:01:44'),
	(19, 5, 3, 3.30, 2.50, 1, '00:00:00', 1, '2023-08-23 14:02:34', '2023-08-23 14:03:45'),
	(20, 5, 3, 4.80, 2.80, 2, '00:00:00', 1, '2023-08-23 14:02:34', '2023-08-23 14:04:45'),
	(21, 5, 1, 3.60, 2.20, 1, '00:00:00', 1, '2023-08-23 14:02:34', '2023-08-23 14:03:44'),
	(22, 5, 1, 2.70, 2.50, 2, '00:00:00', 1, '2023-08-23 14:02:34', '2023-08-23 14:04:42'),
	(23, 5, 2, 4.50, 2.20, 1, '00:00:00', 1, '2023-08-23 14:02:34', '2023-08-23 14:03:47'),
	(24, 5, 2, 4.20, 2.80, 2, '00:00:00', 1, '2023-08-23 14:02:34', '2023-08-23 14:04:48'),
	(31, 6, 1, 5.10, 3.10, 1, '00:00:00', 1, '2023-08-23 14:26:55', '2023-08-23 14:28:00'),
	(32, 6, 1, 4.50, 2.80, 2, '00:00:00', 1, '2023-08-23 14:26:55', '2023-08-23 14:29:18'),
	(33, 6, 3, 5.70, 2.20, 1, '00:00:00', 1, '2023-08-23 14:26:55', '2023-08-23 14:28:02'),
	(34, 6, 3, 3.60, 2.50, 2, '00:00:00', 1, '2023-08-23 14:26:55', '2023-08-23 14:29:21'),
	(35, 6, 2, 4.80, 2.20, 1, '00:00:00', 1, '2023-08-23 14:26:55', '2023-08-23 14:28:05'),
	(36, 6, 2, 5.40, 2.80, 2, '00:00:00', 1, '2023-08-23 14:26:55', '2023-08-23 14:29:24'),
	(37, 7, 2, 6.00, 3.70, 1, '00:00:00', 1, '2023-08-23 14:53:28', '2023-08-23 14:56:43'),
	(38, 7, 2, 6.00, 2.80, 2, '00:00:00', 1, '2023-08-23 14:53:28', '2023-08-23 14:57:21'),
	(39, 7, 1, 6.00, 3.40, 1, '00:00:00', 1, '2023-08-23 14:53:28', '2023-08-23 14:56:40'),
	(40, 7, 1, 6.00, 2.80, 2, '00:00:00', 1, '2023-08-23 14:53:28', '2023-08-23 14:57:27'),
	(41, 7, 3, 6.00, 3.40, 1, '00:00:00', 1, '2023-08-23 14:53:28', '2023-08-23 14:56:40'),
	(42, 7, 3, 5.10, 3.10, 2, '00:00:00', 1, '2023-08-23 14:53:28', '2023-08-23 14:57:23'),
	(43, 8, 9, 5.70, 2.20, 1, '00:00:00', 1, '2023-08-23 16:12:13', '2023-08-23 16:13:12'),
	(44, 8, 9, 6.00, 3.40, 2, '00:00:00', 1, '2023-08-23 16:12:13', '2023-08-23 16:13:35'),
	(45, 8, 8, 5.10, 1.90, 1, '00:00:00', 1, '2023-08-23 16:12:13', '2023-08-23 16:13:11'),
	(46, 8, 8, 6.00, 2.80, 2, '00:00:00', 1, '2023-08-23 16:12:13', '2023-08-23 16:13:38'),
	(47, 8, 5, 5.40, 2.50, 1, '00:00:00', 1, '2023-08-23 16:12:13', '2023-08-23 16:13:10'),
	(48, 8, 5, 6.00, 3.70, 2, '00:00:00', 1, '2023-08-23 16:12:13', '2023-08-23 16:13:40'),
	(49, 11, 9, 5.40, 3.10, 1, '00:00:00', 1, '2023-08-23 16:14:33', '2023-08-23 16:15:14'),
	(50, 11, 9, 5.70, 1.60, 2, '00:00:00', 1, '2023-08-23 16:14:33', '2023-08-23 16:16:10'),
	(51, 11, 8, 5.40, 3.10, 1, '00:00:00', 1, '2023-08-23 16:14:33', '2023-08-23 16:15:18'),
	(52, 11, 8, 5.10, 2.20, 2, '00:00:00', 1, '2023-08-23 16:14:33', '2023-08-23 16:16:12'),
	(53, 11, 5, 5.40, 2.80, 1, '00:00:00', 1, '2023-08-23 16:14:33', '2023-08-23 16:15:16'),
	(54, 11, 5, 4.80, 1.30, 2, '00:00:00', 1, '2023-08-23 16:14:33', '2023-08-23 16:16:14'),
	(55, 9, 9, 3.90, 3.10, 1, '00:00:00', 1, '2023-08-23 16:31:19', '2023-08-23 16:32:10'),
	(56, 9, 9, 5.40, 2.50, 2, '00:00:00', 1, '2023-08-23 16:31:19', '2023-08-23 16:32:57'),
	(57, 9, 8, 5.10, 3.10, 1, '00:00:00', 1, '2023-08-23 16:31:19', '2023-08-23 16:32:05'),
	(58, 9, 8, 4.80, 3.10, 2, '00:00:00', 1, '2023-08-23 16:31:19', '2023-08-23 16:32:38'),
	(59, 9, 5, 5.70, 3.10, 1, '00:00:00', 1, '2023-08-23 16:31:19', '2023-08-23 16:32:04'),
	(60, 9, 5, 4.50, 2.20, 2, '00:00:00', 1, '2023-08-23 16:31:19', '2023-08-23 16:32:38'),
	(61, 17, 9, 4.20, 1.30, 1, '00:00:00', 1, '2023-08-23 16:33:54', '2023-08-23 16:34:52'),
	(62, 17, 9, 2.70, 2.20, 2, '00:00:00', 1, '2023-08-23 16:33:54', '2023-08-23 16:35:38'),
	(63, 17, 8, 5.10, 0.40, 1, '00:00:00', 1, '2023-08-23 16:33:54', '2023-08-23 16:34:50'),
	(64, 17, 8, 3.30, 1.90, 2, '00:00:00', 1, '2023-08-23 16:33:54', '2023-08-23 16:35:36'),
	(65, 17, 5, 4.80, 1.30, 1, '00:00:00', 1, '2023-08-23 16:33:54', '2023-08-23 16:34:49'),
	(66, 17, 5, 4.50, 2.50, 2, '00:00:00', 1, '2023-08-23 16:33:54', '2023-08-23 16:35:35'),
	(67, 16, 9, 3.90, 3.10, 1, '00:00:00', 1, '2023-08-23 16:56:12', '2023-08-23 16:57:02'),
	(68, 16, 9, 5.10, 2.50, 2, '00:00:00', 1, '2023-08-23 16:56:13', '2023-08-23 16:58:10'),
	(69, 16, 8, 4.80, 3.40, 1, '00:00:00', 1, '2023-08-23 16:56:13', '2023-08-23 16:57:04'),
	(70, 16, 8, 4.80, 2.20, 2, '00:00:00', 1, '2023-08-23 16:56:13', '2023-08-23 16:58:11'),
	(71, 16, 5, 4.50, 2.80, 1, '00:00:00', 1, '2023-08-23 16:56:13', '2023-08-23 16:57:01'),
	(72, 16, 5, 4.50, 2.80, 2, '00:00:00', 1, '2023-08-23 16:56:13', '2023-08-23 16:58:12'),
	(73, 15, 5, 3.60, 2.80, 1, '00:00:00', 1, '2023-08-23 16:59:11', '2023-08-23 17:00:18'),
	(74, 15, 5, 4.80, 3.10, 2, '00:00:00', 1, '2023-08-23 16:59:11', '2023-08-23 17:01:11'),
	(75, 15, 9, 2.10, 3.10, 1, '00:00:00', 1, '2023-08-23 16:59:11', '2023-08-23 17:00:13'),
	(76, 15, 9, 3.90, 0.40, 2, '00:00:00', 1, '2023-08-23 16:59:11', '2023-08-23 17:01:10'),
	(77, 15, 8, 3.00, 1.60, 1, '00:00:00', 1, '2023-08-23 16:59:11', '2023-08-23 17:00:15'),
	(78, 15, 8, 3.90, 3.10, 2, '00:00:00', 1, '2023-08-23 16:59:12', '2023-08-23 17:01:10'),
	(79, 14, 9, 4.20, 1.00, 1, '00:00:00', 1, '2023-08-23 17:02:23', '2023-08-23 17:04:25'),
	(80, 14, 9, 4.80, 2.20, 2, '00:00:00', 1, '2023-08-23 17:02:23', '2023-08-23 17:05:27'),
	(81, 14, 8, 3.00, 2.80, 1, '00:00:00', 1, '2023-08-23 17:02:23', '2023-08-23 17:04:24'),
	(82, 14, 8, 5.40, 2.20, 2, '00:00:00', 1, '2023-08-23 17:02:23', '2023-08-23 17:05:29'),
	(83, 14, 5, 2.40, 3.10, 1, '00:00:00', 1, '2023-08-23 17:02:23', '2023-08-23 17:04:22'),
	(84, 14, 5, 4.50, 2.20, 2, '00:00:00', 1, '2023-08-23 17:02:23', '2023-08-23 17:05:28'),
	(85, 12, 9, 5.30, 1.30, 1, '00:00:00', 1, '2023-08-23 17:16:20', '2023-08-23 17:17:31'),
	(86, 12, 9, 6.00, 1.30, 2, '00:00:00', 1, '2023-08-23 17:16:20', '2023-08-23 17:18:35'),
	(87, 12, 8, 5.20, 2.80, 1, '00:00:00', 1, '2023-08-23 17:16:21', '2023-08-23 17:17:28'),
	(88, 12, 8, 6.00, 1.60, 2, '00:00:00', 1, '2023-08-23 17:16:21', '2023-08-23 17:18:36'),
	(89, 12, 5, 5.10, 2.20, 1, '00:00:00', 1, '2023-08-23 17:16:21', '2023-08-23 17:17:27'),
	(90, 12, 5, 6.00, 1.60, 2, '00:00:00', 1, '2023-08-23 17:16:21', '2023-08-23 17:18:36'),
	(91, 13, 9, 4.20, 2.50, 1, '00:00:00', 1, '2023-08-23 17:19:42', '2023-08-23 17:20:38'),
	(92, 13, 9, 2.70, 1.30, 2, '00:00:00', 1, '2023-08-23 17:19:42', '2023-08-23 17:21:26'),
	(93, 13, 5, 4.50, 1.90, 1, '00:00:00', 1, '2023-08-23 17:19:43', '2023-08-23 17:20:35'),
	(94, 13, 5, 3.00, 3.40, 2, '00:00:00', 1, '2023-08-23 17:19:43', '2023-08-23 17:21:30'),
	(95, 13, 8, 4.20, 1.90, 1, '00:00:00', 1, '2023-08-23 17:19:43', '2023-08-23 17:20:36'),
	(96, 13, 8, 3.60, 2.50, 2, '00:00:00', 1, '2023-08-23 17:19:43', '2023-08-23 17:21:27');

-- Volcando datos para la tabla laravel.reloj: ~15 rows (aproximadamente)
REPLACE INTO `reloj` (`idReloj`, `idCompetencia`, `idCategoria`, `idCompetenciaCompetidor`, `cantJueces`, `overtime`, `estado`, `created_at`, `updated_at`) VALUES
	(1, 1, 1, 2, 3, 0, 10, '2023-08-23 11:08:00', '2023-08-23 12:58:32'),
	(2, 1, 1, 3, 3, 0, 10, '2023-08-23 11:08:47', '2023-08-23 13:58:14'),
	(3, 1, 1, 4, 3, 0, 10, '2023-08-23 13:59:10', '2023-08-23 14:01:52'),
	(4, 1, 1, 5, 3, 0, 10, '2023-08-23 14:02:13', '2023-08-23 14:04:55'),
	(6, 1, 1, 6, 3, 0, 10, '2023-08-23 14:26:35', '2023-08-23 14:38:50'),
	(7, 1, 1, 7, 3, 0, 10, '2023-08-23 14:26:35', '2023-08-23 14:57:38'),
	(8, 2, 1, 8, 3, 0, 10, '2023-08-23 16:10:40', '2023-08-23 16:13:46'),
	(9, 2, 1, 11, 3, 0, 10, '2023-08-23 16:14:18', '2023-08-23 16:27:17'),
	(10, 2, 1, 9, 3, 0, 10, '2023-08-23 16:30:41', '2023-08-23 16:33:03'),
	(11, 2, 2, 17, 3, 0, 10, '2023-08-23 16:33:36', '2023-08-23 16:35:41'),
	(12, 2, 2, 16, 3, 0, 10, '2023-08-23 16:55:03', '2023-08-23 16:58:20'),
	(13, 2, 2, 15, 3, 0, 10, '2023-08-23 16:58:51', '2023-08-23 17:01:15'),
	(14, 2, 2, 14, 3, 0, 10, '2023-08-23 17:02:06', '2023-08-23 17:05:36'),
	(15, 2, 1, 12, 3, 0, 10, '2023-08-23 17:02:06', '2023-08-23 17:18:47'),
	(16, 2, 2, 13, 3, 0, 10, '2023-08-23 17:02:06', '2023-08-23 17:21:40');

-- Volcando datos para la tabla laravel.relojcompjuez: ~45 rows (aproximadamente)
REPLACE INTO `relojcompjuez` (`id`, `idReloj`, `idCompetenciaJuez`, `created_at`, `updated_at`) VALUES
	(1, 1, 1, '2023-08-23 11:11:10', '2023-08-23 11:11:10'),
	(2, 1, 2, '2023-08-23 11:11:13', '2023-08-23 11:11:13'),
	(4, 1, 3, '2023-08-23 11:11:29', '2023-08-23 11:11:29'),
	(5, 2, 1, '2023-08-23 13:53:39', '2023-08-23 13:53:39'),
	(6, 2, 3, '2023-08-23 13:53:41', '2023-08-23 13:53:41'),
	(7, 2, 2, '2023-08-23 13:53:43', '2023-08-23 13:53:43'),
	(8, 3, 1, '2023-08-23 13:59:35', '2023-08-23 13:59:35'),
	(9, 3, 3, '2023-08-23 13:59:36', '2023-08-23 13:59:36'),
	(10, 3, 2, '2023-08-23 13:59:38', '2023-08-23 13:59:38'),
	(11, 4, 3, '2023-08-23 14:02:26', '2023-08-23 14:02:26'),
	(12, 4, 1, '2023-08-23 14:02:28', '2023-08-23 14:02:28'),
	(13, 4, 2, '2023-08-23 14:02:31', '2023-08-23 14:02:31'),
	(17, 6, 1, '2023-08-23 14:26:40', '2023-08-23 14:26:40'),
	(18, 6, 3, '2023-08-23 14:26:42', '2023-08-23 14:26:42'),
	(19, 6, 2, '2023-08-23 14:26:44', '2023-08-23 14:26:44'),
	(20, 7, 2, '2023-08-23 14:53:07', '2023-08-23 14:53:07'),
	(21, 7, 1, '2023-08-23 14:53:08', '2023-08-23 14:53:08'),
	(22, 7, 3, '2023-08-23 14:53:11', '2023-08-23 14:53:11'),
	(23, 8, 9, '2023-08-23 16:12:00', '2023-08-23 16:12:00'),
	(24, 8, 8, '2023-08-23 16:12:01', '2023-08-23 16:12:01'),
	(25, 8, 5, '2023-08-23 16:12:02', '2023-08-23 16:12:02'),
	(26, 9, 9, '2023-08-23 16:14:27', '2023-08-23 16:14:27'),
	(27, 9, 8, '2023-08-23 16:14:28', '2023-08-23 16:14:28'),
	(28, 9, 5, '2023-08-23 16:14:29', '2023-08-23 16:14:29'),
	(29, 10, 9, '2023-08-23 16:31:13', '2023-08-23 16:31:13'),
	(30, 10, 8, '2023-08-23 16:31:14', '2023-08-23 16:31:14'),
	(31, 10, 5, '2023-08-23 16:31:15', '2023-08-23 16:31:15'),
	(32, 11, 9, '2023-08-23 16:33:47', '2023-08-23 16:33:47'),
	(33, 11, 8, '2023-08-23 16:33:48', '2023-08-23 16:33:48'),
	(34, 11, 5, '2023-08-23 16:33:49', '2023-08-23 16:33:49'),
	(35, 12, 9, '2023-08-23 16:55:52', '2023-08-23 16:55:52'),
	(36, 12, 8, '2023-08-23 16:55:54', '2023-08-23 16:55:54'),
	(37, 12, 5, '2023-08-23 16:55:55', '2023-08-23 16:55:55'),
	(38, 13, 5, '2023-08-23 16:59:02', '2023-08-23 16:59:02'),
	(39, 13, 9, '2023-08-23 16:59:04', '2023-08-23 16:59:04'),
	(40, 13, 8, '2023-08-23 16:59:05', '2023-08-23 16:59:05'),
	(41, 14, 9, '2023-08-23 17:02:17', '2023-08-23 17:02:17'),
	(42, 14, 8, '2023-08-23 17:02:18', '2023-08-23 17:02:18'),
	(43, 14, 5, '2023-08-23 17:02:19', '2023-08-23 17:02:19'),
	(44, 15, 9, '2023-08-23 17:16:12', '2023-08-23 17:16:12'),
	(45, 15, 8, '2023-08-23 17:16:14', '2023-08-23 17:16:14'),
	(46, 15, 5, '2023-08-23 17:16:15', '2023-08-23 17:16:15'),
	(47, 16, 9, '2023-08-23 17:19:28', '2023-08-23 17:19:28'),
	(49, 16, 5, '2023-08-23 17:19:32', '2023-08-23 17:19:32'),
	(50, 16, 8, '2023-08-23 17:19:36', '2023-08-23 17:19:36');

-- Volcando datos para la tabla laravel.roles: ~3 rows (aproximadamente)
REPLACE INTO `roles` (`id`, `nombreRol`, `created_at`, `updated_at`) VALUES
	(1, 'Administrador', '2023-08-23 10:40:49', '2023-08-23 10:40:49'),
	(2, 'Juez', '2023-08-23 10:40:49', '2023-08-23 10:40:49'),
	(3, 'Competidor', '2023-08-23 10:40:49', '2023-08-23 10:40:49');

-- Volcando datos para la tabla laravel.rolpermiso: ~18 rows (aproximadamente)
REPLACE INTO `rolpermiso` (`id`, `idRol`, `idPermiso`, `created_at`, `updated_at`) VALUES
	(1, 1, 1, '2023-08-23 10:41:00', '2023-08-23 10:41:00'),
	(2, 1, 2, '2023-08-23 10:41:00', '2023-08-23 10:41:00'),
	(3, 1, 3, '2023-08-23 10:41:00', '2023-08-23 10:41:00'),
	(4, 1, 4, '2023-08-23 10:41:00', '2023-08-23 10:41:00'),
	(5, 1, 5, '2023-08-23 10:41:00', '2023-08-23 10:41:00'),
	(6, 1, 6, '2023-08-23 10:41:00', '2023-08-23 10:41:00'),
	(7, 1, 7, '2023-08-23 10:41:00', '2023-08-23 10:41:00'),
	(8, 1, 8, '2023-08-23 10:41:00', '2023-08-23 10:41:00'),
	(9, 2, 10, '2023-08-23 10:41:00', '2023-08-23 10:41:00'),
	(10, 1, 9, '2023-08-23 10:41:00', '2023-08-23 10:41:00'),
	(11, 2, 9, '2023-08-23 10:41:00', '2023-08-23 10:41:00'),
	(12, 2, 2, '2023-08-23 10:41:00', '2023-08-23 10:41:00'),
	(13, 3, 11, '2023-08-23 10:41:00', '2023-08-23 10:41:00'),
	(14, 3, 2, '2023-08-23 10:41:00', '2023-08-23 10:41:00'),
	(15, 3, 9, '2023-08-23 10:41:00', '2023-08-23 10:41:00'),
	(16, 1, 12, '2023-08-23 10:41:00', '2023-08-23 10:41:00'),
	(17, 1, 13, '2023-08-23 10:41:00', '2023-08-23 10:41:00'),
	(18, 1, 14, '2023-08-23 10:41:00', '2023-08-23 10:41:00');

-- Volcando datos para la tabla laravel.solicitudes: ~0 rows (aproximadamente)

-- Volcando datos para la tabla laravel.users: ~32 rows (aproximadamente)
REPLACE INTO `users` (`id`, `nombre`, `apellido`, `correo`, `usuario`, `password`, `idRol`, `estado`, `idEscuela`, `imagenPerfil`, `remember_token`, `created_at`, `updated_at`) VALUES
	(1, 'Competidor', 'Competidor', 'competidor@gmail.com', 'Competidor', '$2y$10$PK4.PU.Mxf6231CHSE0/hOnChL0zFVdHMfAtJSJ3xuiVG/PPudih6', 3, 1, 4, NULL, NULL, '2023-08-23 10:40:50', '2023-08-23 10:40:50'),
	(2, 'Juez', 'Juez', 'juez@gmail.com', 'juez', '$2y$10$IWA07yH0TA45y4wV3EihvehoQjvzGMP9DUmkTTpuJ7WofrkAKhPvC', 2, 1, 7, NULL, NULL, '2023-08-23 10:40:50', '2023-08-23 10:40:50'),
	(3, 'Administrador', 'Administrador', 'administrador@gmail.com', 'administrador', '$2y$10$GVkTNyi0NVLt0eFtVgBWF.R/Y86j8woUMqi7D0zRDdZ8lBzd0W4kq', 1, 1, NULL, NULL, NULL, '2023-08-23 10:40:50', '2023-08-23 10:40:50'),
	(4, 'Gustavo', 'Oliveros', 'gusOliveros@gmail.com', 'GusOliveros', '$2y$10$LZt7t9LU75BiCZrLFJ1Qj.2JBbW8WCrlwcR.YjCIuiSJhuZQnqky.', 2, 1, 15, NULL, NULL, '2023-08-23 10:40:50', '2023-08-23 10:40:50'),
	(5, 'Braian', 'Centurion', 'braian@gmail.com', 'mondongo', '$2y$10$/4iB33rWzLZFIi3SKeRXC.gYnfJmDUAEPHEJdt08hc7sAnZCHDJzK', 2, 1, 15, NULL, NULL, '2023-08-23 10:40:50', '2023-08-23 10:40:50'),
	(6, 'Aluhe', 'Paillamilla', 'pato@gmail.com', 'patotpatito', '$2y$10$z/HvsY46nkjss0UXIaFRnexU4FhBxq6EKg.SofOV3vcaJAmCE/Elq', 2, 1, 15, NULL, NULL, '2023-08-23 10:40:50', '2023-08-23 10:40:50'),
	(7, 'Matias', 'Farfan', 'matias@gmail.com', 'matiasfarfan', '$2y$10$0n/QfpmV6t4gfxUvqMUeT./TpMHPZYyQhUNekjlHyF.KaUdq6Qsbu', 2, 1, 15, NULL, NULL, '2023-08-23 10:40:50', '2023-08-23 10:40:50'),
	(8, 'Gonzalo', 'Olmos', 'gonza@gmail.com', 'gonzaloolmos', '$2y$10$XRgV41U4eSac9yvzbf6s.uPLZz13D0PzaggBpphZcM8XLhboZ7Y/e', 2, 1, 15, NULL, NULL, '2023-08-23 10:40:50', '2023-08-23 10:40:50'),
	(9, 'Martina', 'Coassin', 'martina@gmail.com', 'martinacoassin', '$2y$10$YoRtadu/jmJBdmdbJyN4geVcI8TfavvMzzUVcSpGN2kERIP4Mwlv2', 2, 1, 15, NULL, NULL, '2023-08-23 10:40:50', '2023-08-23 10:40:50'),
	(10, 'Brisa', 'Kutch', 'alejandra.ondricka@example.org', 'sidney.hane', '$2y$10$TI6cEd7Q/oIBfxpzabyU.O8n17pLTvdyA.Uc75ZSoe8oQvCvcLTfy', 3, 1, 2, NULL, NULL, '2023-08-23 10:40:53', '2023-08-23 10:40:53'),
	(11, 'Jayda', 'Eichmann', 'trystan27@example.org', 'levi.olson', '$2y$10$/GNBSAdO8sH2o2gB1Mk2DuINItktFSFyBYwclMwqRUwLM0Gu5yokK', 3, 1, 3, NULL, NULL, '2023-08-23 10:40:53', '2023-08-23 10:40:53'),
	(12, 'Terrance', 'Abernathy', 'aharris@example.com', 'maci.bernhard', '$2y$10$k/WboSTvLlaipAUloJS4.Ob.4mpOjaJJcORCkj/wtOcL7CClgcXZ6', 3, 1, 8, NULL, NULL, '2023-08-23 10:40:53', '2023-08-23 10:40:53'),
	(13, 'Amber', 'Ratke', 'schowalter.madisyn@example.org', 'phyllis85', '$2y$10$dlk0527hYvbvPo2zm5c.VuqTroNacn5xCN0ThpMS5goyQxKKrRcvS', 3, 1, 7, NULL, NULL, '2023-08-23 10:40:53', '2023-08-23 10:40:53'),
	(14, 'Kimberly', 'Murphy', 'darrin.ullrich@example.com', 'blick.queenie', '$2y$10$xt3DBDbotc3cyOX1MYeGB.Q1OfpdwoFT2WjsiXqLbhqK8FkC.5ftG', 3, 1, 2, NULL, NULL, '2023-08-23 10:40:53', '2023-08-23 10:40:53'),
	(15, 'Kelley', 'Fay', 'turner.hudson@example.org', 'richie14', '$2y$10$R0.fFAnSaXQiSS73R3CTw.ASsqf7mupeDB9rZ6UNRd6WBUc3COVYu', 3, 1, 10, NULL, NULL, '2023-08-23 10:40:53', '2023-08-23 10:40:53'),
	(16, 'Tiffany', 'Olson', 'lincoln.hill@example.net', 'xterry', '$2y$10$UQ/xXpq.TC3lSPkFHVzt2uzcDeeQ0fL6FK4OGn0LbSCIcqrFk2iZa', 3, 1, 2, NULL, NULL, '2023-08-23 10:40:53', '2023-08-23 10:40:53'),
	(17, 'Nedra', 'Mertz', 'vhane@example.net', 'maximo.wisozk', '$2y$10$3lG384hhCLsMBpW3Gb7uQ.3xi1o7DxdsTwr/BL/M.GfjMifvAQHuy', 3, 1, 9, NULL, NULL, '2023-08-23 10:40:54', '2023-08-23 10:40:54'),
	(18, 'Nathan', 'Cummerata', 'fay.christiansen@example.org', 'sigurd04', '$2y$10$6LLqdRH4EukITZNjPEU.AOGpqDbEimxAjEuRPx6hgWLqfd2NBcLRy', 3, 1, 3, NULL, NULL, '2023-08-23 10:40:54', '2023-08-23 10:40:54'),
	(19, 'Sonia', 'Kuphal', 'josh05@example.net', 'rice.jacklyn', '$2y$10$z9hUAqkr1A5/Y1O2MnYtyuHSScCIDmimvAgwsm2hq08mm/UVo74Ou', 3, 1, 8, NULL, NULL, '2023-08-23 10:40:54', '2023-08-23 10:40:54'),
	(20, 'Whitney', 'Haley', 'koelpin.marta@example.com', 'alayna.dickens', '$2y$10$M06usUmOjSdQz/wAdzblLeuSObYBHRSjqoS/5dB6fpaK3eXatB6CS', 3, 1, 10, NULL, NULL, '2023-08-23 10:40:54', '2023-08-23 10:40:54'),
	(21, 'Natalie', 'Yundt', 'lindgren.urban@example.com', 'rosario.glover', '$2y$10$YYyGN0Ao0A/OP5hv7WH59Oky0exgiBCIiMlR/NQQqzpocaG55X.ju', 3, 1, 9, NULL, NULL, '2023-08-23 10:40:54', '2023-08-23 10:40:54'),
	(22, 'Irwin', 'Farrell', 'purdy.andreanne@example.net', 'vhahn', '$2y$10$jYalB5/ceM1PisLLzuwuOOanjZGUkNBCHbIedEyB2YkE7bO9LYy9i', 3, 1, 8, NULL, NULL, '2023-08-23 10:40:54', '2023-08-23 10:40:54'),
	(23, 'Jodie', 'Herman', 'gtowne@example.org', 'witting.pearlie', '$2y$10$APpaMFMLrGZ4hB9S15zga.y9jyfEyidYt55hqfVTOrddgozaVf.OO', 3, 1, 9, NULL, NULL, '2023-08-23 10:40:54', '2023-08-23 10:40:54'),
	(24, 'Odell', 'Walker', 'paucek.amari@example.com', 'dgusikowski', '$2y$10$IOsUMNNHaf29h9mu8z6XhOpqndUoBdWQjv0xqjqlS2y.a8Op7A4zS', 3, 1, 7, NULL, NULL, '2023-08-23 10:40:54', '2023-08-23 10:40:54'),
	(25, 'Makayla', 'Bruen', 'uwalter@example.net', 'graham.hermann', '$2y$10$QN4jW7sPPmG6TNxzHyiIZOySSUNPBegdMgf4NPEChAzmggIJVZJIu', 3, 1, 6, NULL, NULL, '2023-08-23 10:40:54', '2023-08-23 10:40:54'),
	(26, 'Kirstin', 'Mertz', 'jaycee33@example.net', 'rose.cassin', '$2y$10$je02.sCgwRZfAauyorARfuK3im56z/ShHIWghBSl3pgQa1m4vjYAm', 3, 1, 7, NULL, NULL, '2023-08-23 10:40:54', '2023-08-23 10:40:54'),
	(27, 'Urban', 'Lesch', 'ziemann.gavin@example.com', 'tsipes', '$2y$10$cr0CIENj7wduNw8aDICk7.UbeHBYs2yaV/fI9zw318pBdeb0hYQ3S', 3, 1, 2, NULL, NULL, '2023-08-23 10:40:54', '2023-08-23 10:40:54'),
	(28, 'Rowena', 'Daugherty', 'ehermiston@example.net', 'toy.coty', '$2y$10$h6Jkgw6AyjPD6xz4gB/3LuBjmJrIGIQqsVdBhjOmoR6GFs8jNqyP2', 3, 1, 1, NULL, NULL, '2023-08-23 10:40:55', '2023-08-23 10:40:55'),
	(29, 'Josephine', 'Kuhlman', 'smitham.donald@example.org', 'will.madge', '$2y$10$V2yYtF/Cc/ES7Ivoo22vku5ENj4WjI1lMfCntBUUgbeLgtiaXhM0e', 3, 1, 3, NULL, NULL, '2023-08-23 10:40:55', '2023-08-23 10:40:55'),
	(30, 'pedro', 'papa', 'pedro@gmail.com', 'pedropapa', '$2y$10$rm3eD4IJmt8WtR.5QdsjLuVEThfssBnBgvJSrt7uljHLC9AGZOAgG', 3, 1, 1, NULL, NULL, '2023-08-23 17:40:48', '2023-08-23 17:42:28'),
	(31, 'pedro', 'morsa', 'pedromorsa@gmail.com', 'pedromorsa', '$2y$10$E4nBfWY89u0OsG7mSL4.Nu9sMhou8najdMl7WCTWt6..FDz7KA9na', 3, 1, 1, NULL, NULL, '2023-08-23 17:41:31', '2023-08-23 17:43:30'),
	(32, 'pedro', 'pepe', 'pedropepe@gmail.com', 'pedropepe', '$2y$10$yx5PSG7/KFuffbFKy848XusjK/phrqebBrhFQYF1JIMe6JRUysEFa', 3, 1, 1, NULL, NULL, '2023-08-23 17:42:09', '2023-08-23 17:42:09');

/*!40103 SET TIME_ZONE=IFNULL(@OLD_TIME_ZONE, 'system') */;
/*!40101 SET SQL_MODE=IFNULL(@OLD_SQL_MODE, '') */;
/*!40014 SET FOREIGN_KEY_CHECKS=IFNULL(@OLD_FOREIGN_KEY_CHECKS, 1) */;
/*!40101 SET CHARACTER_SET_CLIENT=@OLD_CHARACTER_SET_CLIENT */;
/*!40111 SET SQL_NOTES=IFNULL(@OLD_SQL_NOTES, 1) */;
